codigo_dpa,provincia,canton,semaforo_preliminar,estado_documental,porcentaje_concordancia,amenazas,brechas,respuesta,fortalecimiento,monitoreo,archivo_plan_principal
0201,Bolívar,Guaranda,AMARILLO,"Datos y seguimiento localizado; plan generado en conversación, no extraíble como archivo original",74,Desbordamiento fluvial | Afectación vial | Erosión hídrica / socavación | Movimiento en masa / deslizamiento | Inundación,Monitoreo y evidencias | Maquinaria / recursos operativos | Coordinación COE/MTT | Alojamientos temporales por validar | Drenaje / alcantarillado insuficiente,"Recursos y logística | Limpieza y mantenimiento preventivo | Alojamientos temporales | Evacuación, rutas y puntos seguros | Activación COE/UGR",Fortalecimiento UGR/COE | Actualización del plan,Evidencias | Seguimiento mensual | Indicadores | Reportes | Alertas / vigilancia,PAQUETE_ENOS_ZONA5_2026_2027/Bolívar/Guaranda/01_PLAN_COMPARTIDO_O_REFERENCIAS/Plan_Accion_ENOS_GAD_Guaranda_2026_2027-signed-signed-signed (1).pdf
0202,Bolívar,Chillanes,PENDIENTE,Plan localizado,,Desbordamiento fluvial | Movimiento en masa / deslizamiento | Inundación | Afectación vial | Erosión hídrica / socavación,Coordinación COE/MTT | Monitoreo y evidencias | Rutas y puntos seguros por validar | Maquinaria / recursos operativos | Drenaje / alcantarillado insuficiente,"Activación COE/UGR | Evacuación, rutas y puntos seguros | Recursos y logística | Alojamientos temporales | Limpieza y mantenimiento preventivo",Fortalecimiento UGR/COE,Alertas / vigilancia | Reportes | Indicadores | Seguimiento mensual,PAQUETE_ENOS_ZONA5_2026_2027/Bolívar/Chillanes/01_PLAN_COMPARTIDO_O_REFERENCIAS/PLAN DE ACCION CHILLANES-signed-signed-signed (1).pdf
0203,Bolívar,Chimbo,PENDIENTE,Plan localizado,,Afectación vial | Erosión hídrica / socavación | Movimiento en masa / deslizamiento | Desbordamiento fluvial | Inundación,Coordinación COE/MTT | Monitoreo y evidencias | Maquinaria / recursos operativos | Drenaje / alcantarillado insuficiente | Alojamientos temporales por validar,Activación COE/UGR | Recursos y logística | Limpieza y mantenimiento preventivo | Alojamientos temporales,Fortalecimiento UGR/COE | Actualización del plan | Capacitación,Seguimiento mensual | Alertas / vigilancia | Reportes | Evidencias,PAQUETE_ENOS_ZONA5_2026_2027/Bolívar/Chimbo/01_PLAN_COMPARTIDO_O_REFERENCIAS/Plan de Acción Cantonal Chimbo El Niño 2026-2027-signed-signed-signed (1).pdf
0204,Bolívar,Echeandía,ROJO,Registros F01 localizados; sin plan final localizado,52,Desbordamiento fluvial | Afectación vial | Inundación | Erosión hídrica / socavación | Movimiento en masa / deslizamiento,Coordinación COE/MTT | Monitoreo y evidencias | Maquinaria / recursos operativos | Rutas y puntos seguros por validar | Drenaje / alcantarillado insuficiente,"Activación COE/UGR | Recursos y logística | Evacuación, rutas y puntos seguros | Alojamientos temporales | Limpieza y mantenimiento preventivo",Fortalecimiento UGR/COE | Protocolos / procedimientos | Actualización del plan | Capacitación | Simulacros / ejercicios,Alertas / vigilancia | Reportes | Evidencias | Seguimiento mensual | Indicadores,PAQUETE_ENOS_ZONA5_2026_2027/Bolívar/Echeandía/01_PLAN_COMPARTIDO_O_REFERENCIAS/Plan de ACCION 2026-2027 ENOS-signed-signed-signed (1).pdf
0205,Bolívar,San Miguel,PENDIENTE,Plan localizado,,Desbordamiento fluvial | Inundación | Afectación vial | Déficit hídrico / sequía,Coordinación COE/MTT | Monitoreo y evidencias | Alojamientos temporales por validar | Rutas y puntos seguros por validar | Maquinaria / recursos operativos,"Activación COE/UGR | Alojamientos temporales | Evacuación, rutas y puntos seguros | Recursos y logística",Fortalecimiento UGR/COE | Simulacros / ejercicios,Reportes | Evidencias | Alertas / vigilancia | Indicadores | Seguimiento mensual,PAQUETE_ENOS_ZONA5_2026_2027/Bolívar/San Miguel/02_INFORME_VALORACION/Informe_revision_San_Miguel_Bolivar_ENOS_2026_2027.pdf
0206,Bolívar,Caluma,AMARILLO,Plan localizado,72,Desbordamiento fluvial | Afectación vial | Inundación | Erosión hídrica / socavación | Movimiento en masa / deslizamiento,Coordinación COE/MTT | Monitoreo y evidencias | Maquinaria / recursos operativos | Drenaje / alcantarillado insuficiente | Alojamientos temporales por validar,"Activación COE/UGR | Recursos y logística | Alojamientos temporales | Limpieza y mantenimiento preventivo | Evacuación, rutas y puntos seguros",Fortalecimiento UGR/COE | Actualización del plan | Capacitación | Simulacros / ejercicios | Protocolos / procedimientos,Evidencias | Reportes | Alertas / vigilancia | Seguimiento mensual | Indicadores,PAQUETE_ENOS_ZONA5_2026_2027/Bolívar/Caluma/01_PLAN_COMPARTIDO_O_REFERENCIAS/Estructura del plan de accion cantonal provincial (1)-signed-signed-signed (1).pdf
0207,Bolívar,Las Naves,PENDIENTE,Plan localizado,,Desbordamiento fluvial | Afectación vial | Erosión hídrica / socavación | Inundación | Movimiento en masa / deslizamiento,Coordinación COE/MTT | Monitoreo y evidencias | Rutas y puntos seguros por validar | Maquinaria / recursos operativos | Alojamientos temporales por validar,"Limpieza y mantenimiento preventivo | Activación COE/UGR | Evacuación, rutas y puntos seguros | Alojamientos temporales | Recursos y logística",Fortalecimiento UGR/COE | Simulacros / ejercicios | Protocolos / procedimientos | Actualización del plan,Reportes | Alertas / vigilancia | Evidencias | Seguimiento mensual | Indicadores,PAQUETE_ENOS_ZONA5_2026_2027/Bolívar/Las Naves/01_PLAN_COMPARTIDO_O_REFERENCIAS/Plan_Accion_Cantonal_ENOS_Las_Naves_Bolivar-signed-signed.pdf
2001,Galápagos,San Cristobal,PENDIENTE,Sin plan localizado,,Pendiente de extracción técnica del plan,Pendiente de validación de brechas en plan/Kobo,Pendiente de matriz de respuesta validada,Pendiente de agenda de fortalecimiento CZ5,Pendiente de seguimiento F07 / evidencias,
2002,Galápagos,Isabela,PENDIENTE,Plan localizado,,Afectación vial | Desbordamiento fluvial | Inundación | Marejada / zona costera | Erosión hídrica / socavación,Coordinación COE/MTT | Drenaje / alcantarillado insuficiente | Monitoreo y evidencias | Alojamientos temporales por validar | Maquinaria / recursos operativos,"Limpieza y mantenimiento preventivo | Activación COE/UGR | Recursos y logística | Alojamientos temporales | Evacuación, rutas y puntos seguros",Fortalecimiento UGR/COE | Protocolos / procedimientos | Capacitación | Simulacros / ejercicios,Alertas / vigilancia | Evidencias | Reportes,PAQUETE_ENOS_ZONA5_2026_2027/Galápagos/Isabela/01_PLAN_COMPARTIDO_O_REFERENCIAS/PLAN DE CONTINGENCIA POR EL FENÓMENO DE EL NIÑO 2026-2027 FINAL-signed-signed-signed-signed-signed-1.pdf
2003,Galápagos,Santa Cruz,PENDIENTE,Plan localizado,,Desbordamiento fluvial | Afectación vial | Inundación | Movimiento en masa / deslizamiento | Déficit hídrico / sequía,Coordinación COE/MTT | Maquinaria / recursos operativos | Drenaje / alcantarillado insuficiente | Alojamientos temporales por validar | Monitoreo y evidencias,"Activación COE/UGR | Recursos y logística | Alojamientos temporales | Limpieza y mantenimiento preventivo | Evacuación, rutas y puntos seguros",Fortalecimiento UGR/COE | Protocolos / procedimientos | Capacitación | Actualización del plan,Reportes | Alertas / vigilancia | Evidencias | Indicadores | Seguimiento mensual,PAQUETE_ENOS_ZONA5_2026_2027/Galápagos/Santa Cruz/01_PLAN_COMPARTIDO_O_REFERENCIAS/Plan Contingencia ante El Fenómeno de el Niño 2026 - 2027-signed-signed-signed.pdf
0901,Guayas,Guayaquil,PENDIENTE,Plan localizado,,Desbordamiento fluvial | Inundación | Afectación vial | Movimiento en masa / deslizamiento | Déficit hídrico / sequía,Coordinación COE/MTT | Monitoreo y evidencias | Drenaje / alcantarillado insuficiente | Maquinaria / recursos operativos | Alojamientos temporales por validar,"Activación COE/UGR | Alojamientos temporales | Recursos y logística | Limpieza y mantenimiento preventivo | Evacuación, rutas y puntos seguros",Fortalecimiento UGR/COE | Simulacros / ejercicios | Protocolos / procedimientos | Capacitación | Actualización del plan,Alertas / vigilancia | Reportes | Evidencias | Seguimiento mensual | Indicadores,PAQUETE_ENOS_ZONA5_2026_2027/Guayas/Guayaquil/01_PLAN_COMPARTIDO_O_REFERENCIAS/PLAN DE ACCIÓN TERRITORIAL ANTE EL EVENTO ENOS 2026-2027_SEGURAEP_GADMGUAYAQUIL_V1-signed-signed-signed-signed-signed.pdf
0902,Guayas,Alfredo Baquerizo Moreno,PENDIENTE,Plan localizado,,Desbordamiento fluvial | Inundación | Erosión hídrica / socavación | Afectación vial | Movimiento en masa / deslizamiento,Coordinación COE/MTT | Drenaje / alcantarillado insuficiente | Monitoreo y evidencias | Maquinaria / recursos operativos | Alojamientos temporales por validar,"Activación COE/UGR | Limpieza y mantenimiento preventivo | Evacuación, rutas y puntos seguros | Recursos y logística | Alojamientos temporales",Fortalecimiento UGR/COE | Protocolos / procedimientos | Simulacros / ejercicios | Capacitación,Evidencias | Reportes | Alertas / vigilancia | Seguimiento mensual | Indicadores,PAQUETE_ENOS_ZONA5_2026_2027/Guayas/Alfredo Baquerizo Moreno (Jujan)/01_PLAN_COMPARTIDO_O_REFERENCIAS/Plan_Accion_ENOS_GAD_JUJAN V01_2026 ENVIO-signed-signed (1)-signed (1)-signed-1.pdf
0903,Guayas,Balao,PENDIENTE,Plan localizado,,Desbordamiento fluvial | Inundación | Afectación vial | Erosión hídrica / socavación | Movimiento en masa / deslizamiento,Monitoreo y evidencias | Rutas y puntos seguros por validar | Coordinación COE/MTT | Alojamientos temporales por validar | Drenaje / alcantarillado insuficiente,"Evacuación, rutas y puntos seguros | Limpieza y mantenimiento preventivo | Alojamientos temporales | Recursos y logística | Activación COE/UGR",Fortalecimiento UGR/COE | Simulacros / ejercicios | Protocolos / procedimientos | Capacitación,Alertas / vigilancia | Evidencias | Reportes,PAQUETE_ENOS_ZONA5_2026_2027/Guayas/Balao/01_PLAN_COMPARTIDO_O_REFERENCIAS/PLAN DE RESPUESTA ANTE EL FENÓMENO EL NIÑO EL CANTON BALAO 2026-signed-signed.pdf
0904,Guayas,Balzar,ROJO,Registros base localizados; sin plan final localizado,55,Desbordamiento fluvial | Afectación vial | Inundación | Erosión hídrica / socavación,Monitoreo y evidencias | Maquinaria / recursos operativos | Coordinación COE/MTT | Alojamientos temporales por validar | Drenaje / alcantarillado insuficiente,"Evacuación, rutas y puntos seguros | Limpieza y mantenimiento preventivo | Alojamientos temporales | Recursos y logística | Activación COE/UGR",Fortalecimiento UGR/COE | Simulacros / ejercicios | Protocolos / procedimientos | Actualización del plan | Capacitación,Indicadores | Evidencias | Seguimiento mensual | Reportes | Alertas / vigilancia,PAQUETE_ENOS_ZONA5_2026_2027/Guayas/Balzar/01_PLAN_COMPARTIDO_O_REFERENCIAS/Plan_Accion_ENOS_Balzar_Consolidado_SNGR.2026-signed-signed.pdf
0905,Guayas,Colimes,PENDIENTE,Plan localizado,,Desbordamiento fluvial | Afectación vial | Erosión hídrica / socavación | Inundación | Movimiento en masa / deslizamiento,Coordinación COE/MTT | Monitoreo y evidencias | Alojamientos temporales por validar | Rutas y puntos seguros por validar | Drenaje / alcantarillado insuficiente,"Activación COE/UGR | Evacuación, rutas y puntos seguros | Alojamientos temporales | Recursos y logística | Limpieza y mantenimiento preventivo",Fortalecimiento UGR/COE | Actualización del plan | Simulacros / ejercicios | Protocolos / procedimientos,Reportes | Alertas / vigilancia | Seguimiento mensual | Evidencias | Indicadores,PAQUETE_ENOS_ZONA5_2026_2027/Guayas/Colimes/01_PLAN_COMPARTIDO_O_REFERENCIAS/Plan_Accion_ENOS_Colimes_2026_2027_Completo01-signed-signed-signed.pdf
0906,Guayas,Daule,AMARILLO,Registros ENOS y seguimiento localizados; plan conversacional no extraíble como archivo original,70,Desbordamiento fluvial | Afectación vial | Inundación | Erosión hídrica / socavación,Coordinación COE/MTT | Monitoreo y evidencias | Drenaje / alcantarillado insuficiente | Rutas y puntos seguros por validar | Maquinaria / recursos operativos,"Activación COE/UGR | Evacuación, rutas y puntos seguros | Recursos y logística | Limpieza y mantenimiento preventivo | Alojamientos temporales",Fortalecimiento UGR/COE | Actualización del plan | Capacitación | Protocolos / procedimientos | Simulacros / ejercicios,Reportes | Seguimiento mensual | Evidencias | Alertas / vigilancia | Indicadores,PAQUETE_ENOS_ZONA5_2026_2027/Guayas/Daule/01_PLAN_COMPARTIDO_O_REFERENCIAS/plan_accion_enos_2026_2027_daule_final_sngr-signed-signed.pdf
0907,Guayas,Duran,PENDIENTE,Plan localizado,,Desbordamiento fluvial | Afectación vial | Inundación | Movimiento en masa / deslizamiento | Erosión hídrica / socavación,Monitoreo y evidencias | Coordinación COE/MTT | Drenaje / alcantarillado insuficiente | Maquinaria / recursos operativos | Alojamientos temporales por validar,"Activación COE/UGR | Limpieza y mantenimiento preventivo | Recursos y logística | Evacuación, rutas y puntos seguros | Alojamientos temporales",Fortalecimiento UGR/COE | Simulacros / ejercicios | Protocolos / procedimientos | Actualización del plan,Alertas / vigilancia | Reportes | Seguimiento mensual | Evidencias,PAQUETE_ENOS_ZONA5_2026_2027/Guayas/Durán/01_PLAN_COMPARTIDO_O_REFERENCIAS/PLAN DE ACCIÓN  ANTE EL EVENTO EL NIÑO 2026 - Cantón Eloy Alfaro-signed (3).pdf
0908,Guayas,Empalme,PENDIENTE,Plan localizado,,Desbordamiento fluvial | Inundación | Afectación vial | Movimiento en masa / deslizamiento | Erosión hídrica / socavación,Coordinación COE/MTT | Drenaje / alcantarillado insuficiente | Monitoreo y evidencias | Maquinaria / recursos operativos | Alojamientos temporales por validar,"Activación COE/UGR | Limpieza y mantenimiento preventivo | Evacuación, rutas y puntos seguros | Recursos y logística | Alojamientos temporales",Fortalecimiento UGR/COE | Protocolos / procedimientos | Simulacros / ejercicios | Capacitación,Reportes | Evidencias | Alertas / vigilancia | Seguimiento mensual | Indicadores,PAQUETE_ENOS_ZONA5_2026_2027/Guayas/El Empalme/01_PLAN_COMPARTIDO_O_REFERENCIAS/Plan_Accion_ENOS_GAD_El_Empalme_V01_2026-signed-signed-signed-signed-signed-signed-signed-signed-signed.pdf
0909,Guayas,El Triunfo,PENDIENTE,Plan localizado,,Desbordamiento fluvial | Afectación vial | Inundación | Movimiento en masa / deslizamiento | Erosión hídrica / socavación,Monitoreo y evidencias | Coordinación COE/MTT | Alojamientos temporales por validar | Maquinaria / recursos operativos | Drenaje / alcantarillado insuficiente,"Alojamientos temporales | Activación COE/UGR | Recursos y logística | Limpieza y mantenimiento preventivo | Evacuación, rutas y puntos seguros",Fortalecimiento UGR/COE | Capacitación | Protocolos / procedimientos | Simulacros / ejercicios | Actualización del plan,Alertas / vigilancia | Indicadores | Evidencias | Reportes,PAQUETE_ENOS_ZONA5_2026_2027/Guayas/El Triunfo/01_PLAN_COMPARTIDO_O_REFERENCIAS/PLAN DE GESTIÓN DE RIESGOS CANTONAL.pdf
0910,Guayas,Milagro,PENDIENTE,Plan localizado,,Desbordamiento fluvial | Afectación vial | Inundación | Erosión hídrica / socavación | Déficit hídrico / sequía,Drenaje / alcantarillado insuficiente | Monitoreo y evidencias | Coordinación COE/MTT | Maquinaria / recursos operativos | Alojamientos temporales por validar,"Limpieza y mantenimiento preventivo | Recursos y logística | Activación COE/UGR | Evacuación, rutas y puntos seguros | Alojamientos temporales",Fortalecimiento UGR/COE | Protocolos / procedimientos | Capacitación | Actualización del plan | Simulacros / ejercicios,Reportes | Evidencias | Alertas / vigilancia | Indicadores | Seguimiento mensual,PAQUETE_ENOS_ZONA5_2026_2027/Guayas/Milagro/01_PLAN_COMPARTIDO_O_REFERENCIAS/compilado PLAN_ENOS_MILAGRO_SNGR_COMPLETO.pdf
0911,Guayas,Naranjal,PENDIENTE,Plan localizado,,Desbordamiento fluvial | Afectación vial | Inundación | Erosión hídrica / socavación | Movimiento en masa / deslizamiento,Drenaje / alcantarillado insuficiente | Coordinación COE/MTT | Monitoreo y evidencias | Maquinaria / recursos operativos | Alojamientos temporales por validar,"Activación COE/UGR | Limpieza y mantenimiento preventivo | Alojamientos temporales | Recursos y logística | Evacuación, rutas y puntos seguros",Fortalecimiento UGR/COE | Capacitación | Actualización del plan | Simulacros / ejercicios,Seguimiento mensual | Reportes | Alertas / vigilancia | Evidencias | Indicadores,PAQUETE_ENOS_ZONA5_2026_2027/Guayas/Naranjal/01_PLAN_COMPARTIDO_O_REFERENCIAS/Plan_Accion_ENOS_2026_2027_GAD_Naranjal_SNGR-signed-signed.pdf
0912,Guayas,Naranjito,PENDIENTE,Plan localizado,,Desbordamiento fluvial | Afectación vial | Inundación | Erosión hídrica / socavación,Coordinación COE/MTT | Monitoreo y evidencias | Drenaje / alcantarillado insuficiente | Alojamientos temporales por validar | Rutas y puntos seguros por validar,"Activación COE/UGR | Evacuación, rutas y puntos seguros | Alojamientos temporales | Limpieza y mantenimiento preventivo | Recursos y logística",Fortalecimiento UGR/COE | Simulacros / ejercicios | Actualización del plan | Capacitación | Protocolos / procedimientos,Reportes | Alertas / vigilancia | Evidencias | Seguimiento mensual | Indicadores,PAQUETE_ENOS_ZONA5_2026_2027/Guayas/Naranjito/01_PLAN_COMPARTIDO_O_REFERENCIAS/Plan_Accion_ENOS_Naranjito_2026_2027 (1)(1).docx
0913,Guayas,Palestina,PENDIENTE,Plan localizado,,Desbordamiento fluvial | Afectación vial | Inundación,Coordinación COE/MTT | Monitoreo y evidencias | Alojamientos temporales por validar | Drenaje / alcantarillado insuficiente | Maquinaria / recursos operativos,"Activación COE/UGR | Recursos y logística | Alojamientos temporales | Evacuación, rutas y puntos seguros | Limpieza y mantenimiento preventivo",Fortalecimiento UGR/COE | Protocolos / procedimientos | Simulacros / ejercicios | Actualización del plan,Alertas / vigilancia | Evidencias | Reportes | Seguimiento mensual | Indicadores,PAQUETE_ENOS_ZONA5_2026_2027/Guayas/Palestina/01_PLAN_COMPARTIDO_O_REFERENCIAS/Plan_Accion_ENOS_2026_2027_GAD_Palestina__SNGR-signed-signed.pdf
0914,Guayas,Pedro Carbo,VERDE,Plan final y revisión localizados,86,Desbordamiento fluvial | Afectación vial | Inundación,Drenaje / alcantarillado insuficiente | Coordinación COE/MTT | Monitoreo y evidencias | Rutas y puntos seguros por validar | Maquinaria / recursos operativos,"Activación COE/UGR | Limpieza y mantenimiento preventivo | Recursos y logística | Evacuación, rutas y puntos seguros | Alojamientos temporales",Fortalecimiento UGR/COE | Capacitación | Actualización del plan | Simulacros / ejercicios | Protocolos / procedimientos,Evidencias | Reportes | Alertas / vigilancia | Seguimiento mensual | Indicadores,PAQUETE_ENOS_ZONA5_2026_2027/Guayas/Pedro Carbo/01_PLAN_COMPARTIDO_O_REFERENCIAS/PLAN DE ACCIÓN TERRITORIAL ANTE EL EVENTO EL NIÑO 2026-signed-signed-signed.pdf
0916,Guayas,Samborondon,PENDIENTE,Plan localizado,,Desbordamiento fluvial | Inundación | Afectación vial | Erosión hídrica / socavación | Marejada / zona costera,Coordinación COE/MTT | Drenaje / alcantarillado insuficiente | Monitoreo y evidencias | Maquinaria / recursos operativos | Alojamientos temporales por validar,"Activación COE/UGR | Limpieza y mantenimiento preventivo | Recursos y logística | Alojamientos temporales | Evacuación, rutas y puntos seguros",Fortalecimiento UGR/COE | Protocolos / procedimientos | Simulacros / ejercicios | Capacitación,Alertas / vigilancia | Reportes | Indicadores | Seguimiento mensual,PAQUETE_ENOS_ZONA5_2026_2027/Guayas/Samborondón/01_PLAN_COMPARTIDO_O_REFERENCIAS/1.0 Plan de Preparación y Respuesta ante Eventos Hidrometeorológicos y Posibles Efectos del Fenómeno El Niño 2026-2027 (ENOS) -signed-2.pdf
0918,Guayas,Santa Lucia,PENDIENTE,Plan localizado,,Desbordamiento fluvial | Afectación vial | Inundación | Erosión hídrica / socavación | Déficit hídrico / sequía,Monitoreo y evidencias | Coordinación COE/MTT | Maquinaria / recursos operativos | Drenaje / alcantarillado insuficiente | Alojamientos temporales por validar,"Activación COE/UGR | Recursos y logística | Limpieza y mantenimiento preventivo | Alojamientos temporales | Evacuación, rutas y puntos seguros",Fortalecimiento UGR/COE | Simulacros / ejercicios | Capacitación | Protocolos / procedimientos | Actualización del plan,Alertas / vigilancia | Reportes | Seguimiento mensual | Indicadores | Evidencias,PAQUETE_ENOS_ZONA5_2026_2027/Guayas/Santa Lucía/01_PLAN_COMPARTIDO_O_REFERENCIAS/PLAN DE ACCIÓN TERRITORIAL DEL CANTÓN SANTA LUCÍA PARA LA ÉPOCA LLUVIOSA Y ENOS 2026-2027-signed (1).pdf
0919,Guayas,Salitre,ROJO,Registros base localizados; sin plan final localizado,55,Desbordamiento fluvial | Inundación | Afectación vial | Erosión hídrica / socavación | Movimiento en masa / deslizamiento,Coordinación COE/MTT | Monitoreo y evidencias | Drenaje / alcantarillado insuficiente | Alojamientos temporales por validar | Maquinaria / recursos operativos,"Activación COE/UGR | Alojamientos temporales | Recursos y logística | Evacuación, rutas y puntos seguros | Limpieza y mantenimiento preventivo",Fortalecimiento UGR/COE | Capacitación | Simulacros / ejercicios | Actualización del plan,Alertas / vigilancia | Seguimiento mensual | Indicadores | Evidencias | Reportes,PAQUETE_ENOS_ZONA5_2026_2027/Guayas/Salitre/01_PLAN_COMPARTIDO_O_REFERENCIAS/Plan Cantonal de Preparación y Respuesta ante el Fenómeno ENOS-signed.pdf
0920,Guayas,San Jacinto De Yaguachi,PENDIENTE,Plan localizado,,Desbordamiento fluvial | Afectación vial | Inundación | Erosión hídrica / socavación | Movimiento en masa / deslizamiento,Coordinación COE/MTT | Monitoreo y evidencias | Alojamientos temporales por validar | Maquinaria / recursos operativos | Drenaje / alcantarillado insuficiente,"Activación COE/UGR | Alojamientos temporales | Recursos y logística | Evacuación, rutas y puntos seguros | Limpieza y mantenimiento preventivo",Fortalecimiento UGR/COE | Simulacros / ejercicios | Capacitación | Protocolos / procedimientos | Actualización del plan,Alertas / vigilancia | Reportes | Evidencias,PAQUETE_ENOS_ZONA5_2026_2027/Guayas/Yaguachi/01_PLAN_COMPARTIDO_O_REFERENCIAS/PLAN DE RESPUESTA INVERNAL CANTONAL 2026-signed-signed SAN JACINTO DE YAGUACHI (1).pdf
0921,Guayas,Playas,ROJO,Registros base localizados; sin plan final localizado,50,Desbordamiento fluvial | Afectación vial | Inundación | Déficit hídrico / sequía,Monitoreo y evidencias | Coordinación COE/MTT | Alojamientos temporales por validar | Rutas y puntos seguros por validar | Maquinaria / recursos operativos,"Alojamientos temporales | Activación COE/UGR | Evacuación, rutas y puntos seguros | Recursos y logística | Limpieza y mantenimiento preventivo",Fortalecimiento UGR/COE | Protocolos / procedimientos,Seguimiento mensual | Evidencias | Indicadores | Alertas / vigilancia | Reportes,PAQUETE_ENOS_ZONA5_2026_2027/Guayas/Playas/01_PLAN_COMPARTIDO_O_REFERENCIAS/Informe_revision_porcentaje_Playas_ENOS_2026 (4).pdf
0922,Guayas,Simón Bolívar,PENDIENTE,Plan localizado,,Desbordamiento fluvial | Afectación vial | Inundación | Movimiento en masa / deslizamiento | Erosión hídrica / socavación,Monitoreo y evidencias | Coordinación COE/MTT | Drenaje / alcantarillado insuficiente | Alojamientos temporales por validar | Maquinaria / recursos operativos,"Activación COE/UGR | Limpieza y mantenimiento preventivo | Alojamientos temporales | Recursos y logística | Evacuación, rutas y puntos seguros",Fortalecimiento UGR/COE | Capacitación | Protocolos / procedimientos | Simulacros / ejercicios | Actualización del plan,Reportes | Evidencias | Alertas / vigilancia | Seguimiento mensual | Indicadores,PAQUETE_ENOS_ZONA5_2026_2027/Guayas/Simón Bolívar/01_PLAN_COMPARTIDO_O_REFERENCIAS/PLAN DE ACCION SIMON BOLIVAR 2026-signed-signed-signed-1.pdf
0923,Guayas,Crnel. Marcelino Maridueña,PENDIENTE,Plan localizado,,Desbordamiento fluvial | Inundación | Afectación vial | Movimiento en masa / deslizamiento,Coordinación COE/MTT | Maquinaria / recursos operativos | Monitoreo y evidencias | Drenaje / alcantarillado insuficiente | Rutas y puntos seguros por validar,"Activación COE/UGR | Recursos y logística | Evacuación, rutas y puntos seguros | Alojamientos temporales | Limpieza y mantenimiento preventivo",Fortalecimiento UGR/COE | Protocolos / procedimientos | Actualización del plan | Capacitación,Alertas / vigilancia | Reportes,PAQUETE_ENOS_ZONA5_2026_2027/Guayas/Marcelino Maridueña/01_PLAN_COMPARTIDO_O_REFERENCIAS/PLAN DE ACCIÓN FRENTE A EVENTO EL NIÑO 2026-2027-signed (1)-signed-signed (1)-signed-signed.pdf
0924,Guayas,Lomas De Sargentillo,PENDIENTE,Plan localizado,,Pendiente de extracción técnica del plan,Pendiente de validación de brechas en plan/Kobo,Pendiente de matriz de respuesta validada,Pendiente de agenda de fortalecimiento CZ5,Pendiente de seguimiento F07 / evidencias,PAQUETE_ENOS_ZONA5_2026_2027/Guayas/Lomas de Sargentillo/01_PLAN_COMPARTIDO_O_REFERENCIAS/GESTION DE RIESGO20260622_13340049.pdf
0925,Guayas,Nobol,PENDIENTE,Plan localizado,,Desbordamiento fluvial | Afectación vial | Inundación | Movimiento en masa / deslizamiento | Erosión hídrica / socavación,Coordinación COE/MTT | Monitoreo y evidencias | Drenaje / alcantarillado insuficiente | Rutas y puntos seguros por validar | Alojamientos temporales por validar,"Activación COE/UGR | Evacuación, rutas y puntos seguros | Limpieza y mantenimiento preventivo | Alojamientos temporales | Recursos y logística",Fortalecimiento UGR/COE | Simulacros / ejercicios | Protocolos / procedimientos | Actualización del plan | Capacitación,Alertas / vigilancia | Reportes | Evidencias | Seguimiento mensual | Indicadores,PAQUETE_ENOS_ZONA5_2026_2027/Guayas/Nobol/01_PLAN_COMPARTIDO_O_REFERENCIAS/PLAN DE ACCION ENOS 2026 - 2027-signed-signed-signed-signed.pdf
0927,Guayas,Gnral. Antonio Elizalde,PENDIENTE,Plan localizado,,Movimiento en masa / deslizamiento | Desbordamiento fluvial | Afectación vial | Erosión hídrica / socavación | Inundación,Monitoreo y evidencias | Drenaje / alcantarillado insuficiente | Rutas y puntos seguros por validar | Coordinación COE/MTT | Alojamientos temporales por validar,"Evacuación, rutas y puntos seguros | Limpieza y mantenimiento preventivo | Activación COE/UGR | Alojamientos temporales | Recursos y logística",Fortalecimiento UGR/COE | Protocolos / procedimientos | Actualización del plan | Capacitación | Simulacros / ejercicios,Reportes | Evidencias | Alertas / vigilancia,PAQUETE_ENOS_ZONA5_2026_2027/Guayas/General Antonio Elizalde (Bucay)/01_PLAN_COMPARTIDO_O_REFERENCIAS/informe_tecnico_bucay_enos_apa7_final-signed-1.pdf
0928,Guayas,Isidro Ayora,PENDIENTE,Plan localizado,,Desbordamiento fluvial | Afectación vial | Inundación | Movimiento en masa / deslizamiento,Coordinación COE/MTT | Drenaje / alcantarillado insuficiente | Alojamientos temporales por validar | Maquinaria / recursos operativos | Monitoreo y evidencias,"Limpieza y mantenimiento preventivo | Activación COE/UGR | Alojamientos temporales | Recursos y logística | Evacuación, rutas y puntos seguros",Fortalecimiento UGR/COE | Simulacros / ejercicios | Protocolos / procedimientos,Reportes | Indicadores | Alertas / vigilancia,PAQUETE_ENOS_ZONA5_2026_2027/Guayas/Isidro Ayora/01_PLAN_COMPARTIDO_O_REFERENCIAS/PLAN DE CONTINGENCIA20260623.pdf
1201,Los Ríos,Babahoyo,PENDIENTE,Plan localizado,,Desbordamiento fluvial | Afectación vial | Inundación | Erosión hídrica / socavación | Movimiento en masa / deslizamiento,Monitoreo y evidencias | Coordinación COE/MTT | Drenaje / alcantarillado insuficiente | Rutas y puntos seguros por validar | Alojamientos temporales por validar,"Activación COE/UGR | Evacuación, rutas y puntos seguros | Limpieza y mantenimiento preventivo | Alojamientos temporales | Recursos y logística",Fortalecimiento UGR/COE | Actualización del plan | Capacitación | Simulacros / ejercicios | Protocolos / procedimientos,Alertas / vigilancia | Reportes | Seguimiento mensual | Evidencias | Indicadores,PAQUETE_ENOS_ZONA5_2026_2027/Los Ríos/Babahoyo/01_PLAN_COMPARTIDO_O_REFERENCIAS/Plan de accion cantonal FENOMENO_DEL_NIÑO 2026 (1).pdf
1202,Los Ríos,Baba,PENDIENTE,Plan localizado,,Desbordamiento fluvial | Afectación vial | Inundación | Erosión hídrica / socavación | Déficit hídrico / sequía,Coordinación COE/MTT | Drenaje / alcantarillado insuficiente | Monitoreo y evidencias | Alojamientos temporales por validar | Rutas y puntos seguros por validar,"Activación COE/UGR | Limpieza y mantenimiento preventivo | Evacuación, rutas y puntos seguros | Recursos y logística | Alojamientos temporales",Fortalecimiento UGR/COE | Actualización del plan | Capacitación | Simulacros / ejercicios,Reportes | Alertas / vigilancia | Evidencias | Seguimiento mensual | Indicadores,PAQUETE_ENOS_ZONA5_2026_2027/Los Ríos/Baba/01_PLAN_COMPARTIDO_O_REFERENCIAS/Plan de acción territorial ante el evento del niño 2026-signed.pdf
1203,Los Ríos,Montalvo,VERDE,Plan localizado,83,Desbordamiento fluvial | Afectación vial | Erosión hídrica / socavación | Inundación | Movimiento en masa / deslizamiento,Coordinación COE/MTT | Maquinaria / recursos operativos | Monitoreo y evidencias | Drenaje / alcantarillado insuficiente | Alojamientos temporales por validar,"Limpieza y mantenimiento preventivo | Activación COE/UGR | Recursos y logística | Alojamientos temporales | Evacuación, rutas y puntos seguros",Fortalecimiento UGR/COE | Actualización del plan | Capacitación | Protocolos / procedimientos,Evidencias | Reportes | Alertas / vigilancia | Seguimiento mensual | Indicadores,PAQUETE_ENOS_ZONA5_2026_2027/Los Ríos/Montalvo/01_PLAN_COMPARTIDO_O_REFERENCIAS/plan enos 2026 FIRMADO-signed-signed.pdf
1204,Los Ríos,Puebloviejo,VERDE,Plan localizado,78,Desbordamiento fluvial | Inundación | Afectación vial | Erosión hídrica / socavación,Coordinación COE/MTT | Monitoreo y evidencias | Maquinaria / recursos operativos | Drenaje / alcantarillado insuficiente | Alojamientos temporales por validar,"Activación COE/UGR | Recursos y logística | Limpieza y mantenimiento preventivo | Alojamientos temporales | Evacuación, rutas y puntos seguros",Fortalecimiento UGR/COE | Actualización del plan | Capacitación | Simulacros / ejercicios,Reportes | Seguimiento mensual | Alertas / vigilancia | Evidencias | Indicadores,PAQUETE_ENOS_ZONA5_2026_2027/Los Ríos/Puebloviejo/01_PLAN_COMPARTIDO_O_REFERENCIAS/Plan de Acción Cantonal Ante El Niño 2026–2027 FINAL-1.pdf
1205,Los Ríos,Quevedo,PENDIENTE,Plan localizado,,Desbordamiento fluvial | Afectación vial | Inundación | Movimiento en masa / deslizamiento | Erosión hídrica / socavación,Coordinación COE/MTT | Maquinaria / recursos operativos | Monitoreo y evidencias | Drenaje / alcantarillado insuficiente | Alojamientos temporales por validar,"Recursos y logística | Activación COE/UGR | Evacuación, rutas y puntos seguros | Alojamientos temporales | Limpieza y mantenimiento preventivo",Fortalecimiento UGR/COE | Actualización del plan | Simulacros / ejercicios | Protocolos / procedimientos | Capacitación,Reportes | Alertas / vigilancia | Indicadores | Seguimiento mensual,PAQUETE_ENOS_ZONA5_2026_2027/Los Ríos/Quevedo/01_PLAN_COMPARTIDO_O_REFERENCIAS/ENOS 2027 QUEVEDO FINAL.pdf
1206,Los Ríos,Urdaneta,AMARILLO,Registros F01/F04 localizados; sin plan final localizado,60,Desbordamiento fluvial | Afectación vial | Inundación | Erosión hídrica / socavación | Movimiento en masa / deslizamiento,Coordinación COE/MTT | Monitoreo y evidencias | Maquinaria / recursos operativos | Rutas y puntos seguros por validar | Drenaje / alcantarillado insuficiente,"Activación COE/UGR | Recursos y logística | Evacuación, rutas y puntos seguros | Alojamientos temporales | Limpieza y mantenimiento preventivo",Fortalecimiento UGR/COE | Actualización del plan | Protocolos / procedimientos,Reportes | Alertas / vigilancia | Seguimiento mensual | Evidencias | Indicadores,PAQUETE_ENOS_ZONA5_2026_2027/Los Ríos/Urdaneta/01_PLAN_COMPARTIDO_O_REFERENCIAS/PLAN DE ACCIÓN TERRITORIAL ANTE EL EVENTO EL NIÑO 2026.-signed-signed-signed.pdf
1207,Los Ríos,Ventanas,PENDIENTE,Plan localizado,,Desbordamiento fluvial | Inundación | Afectación vial,Monitoreo y evidencias | Maquinaria / recursos operativos | Coordinación COE/MTT | Drenaje / alcantarillado insuficiente | Alojamientos temporales por validar,Activación COE/UGR | Recursos y logística | Limpieza y mantenimiento preventivo | Alojamientos temporales,Fortalecimiento UGR/COE | Actualización del plan,Alertas / vigilancia | Evidencias,PAQUETE_ENOS_ZONA5_2026_2027/Los Ríos/Ventanas/01_PLAN_COMPARTIDO_O_REFERENCIAS/Plan_ENOS_Cantón_Ventanas-signed-signed.pdf
1208,Los Ríos,Vinces,PENDIENTE,Plan localizado,,Desbordamiento fluvial | Afectación vial | Inundación,Coordinación COE/MTT | Monitoreo y evidencias | Maquinaria / recursos operativos | Alojamientos temporales por validar | Drenaje / alcantarillado insuficiente,"Activación COE/UGR | Alojamientos temporales | Recursos y logística | Evacuación, rutas y puntos seguros | Limpieza y mantenimiento preventivo",Fortalecimiento UGR/COE | Protocolos / procedimientos,Reportes | Alertas / vigilancia | Evidencias | Seguimiento mensual,PAQUETE_ENOS_ZONA5_2026_2027/Los Ríos/Vinces/01_PLAN_COMPARTIDO_O_REFERENCIAS/Plan de Acción ante el evento El Niño 2026 - 2027.pdf
1209,Los Ríos,Palenque,VERDE,Plan localizado,76,Desbordamiento fluvial | Inundación | Afectación vial,Coordinación COE/MTT | Monitoreo y evidencias | Maquinaria / recursos operativos | Alojamientos temporales por validar | Drenaje / alcantarillado insuficiente,"Activación COE/UGR | Recursos y logística | Alojamientos temporales | Limpieza y mantenimiento preventivo | Evacuación, rutas y puntos seguros",Fortalecimiento UGR/COE | Capacitación | Simulacros / ejercicios | Protocolos / procedimientos | Actualización del plan,Reportes | Evidencias | Alertas / vigilancia | Seguimiento mensual | Indicadores,PAQUETE_ENOS_ZONA5_2026_2027/Los Ríos/Palenque/01_PLAN_COMPARTIDO_O_REFERENCIAS/PLAN_DE_ACCION_TERRITORIAL_DEL_GADM_PALENQUE_EL_NINO_20262027_signed-signed-signed-1.pdf
1210,Los Ríos,Buena Fe,AMARILLO,Plan y revisión localizados,62,Desbordamiento fluvial | Afectación vial | Inundación | Movimiento en masa / deslizamiento | Erosión hídrica / socavación,Coordinación COE/MTT | Monitoreo y evidencias | Maquinaria / recursos operativos | Drenaje / alcantarillado insuficiente | Alojamientos temporales por validar,"Activación COE/UGR | Recursos y logística | Alojamientos temporales | Limpieza y mantenimiento preventivo | Evacuación, rutas y puntos seguros",Fortalecimiento UGR/COE | Protocolos / procedimientos | Capacitación | Simulacros / ejercicios | Actualización del plan,Alertas / vigilancia | Reportes | Seguimiento mensual | Evidencias | Indicadores,PAQUETE_ENOS_ZONA5_2026_2027/Los Ríos/Buena Fe/01_PLAN_COMPARTIDO_O_REFERENCIAS/Plan Acciones FENOMENO DEL NIÑO 2026-2027 Cantón Buena Fe-signed-signed-signed-signed-signed.pdf
1211,Los Ríos,Valencia,PENDIENTE,Plan localizado,,Desbordamiento fluvial | Afectación vial | Inundación | Erosión hídrica / socavación | Movimiento en masa / deslizamiento,Drenaje / alcantarillado insuficiente | Monitoreo y evidencias | Maquinaria / recursos operativos | Coordinación COE/MTT | Alojamientos temporales por validar,"Limpieza y mantenimiento preventivo | Activación COE/UGR | Recursos y logística | Alojamientos temporales | Evacuación, rutas y puntos seguros",Fortalecimiento UGR/COE | Capacitación | Actualización del plan | Simulacros / ejercicios,Alertas / vigilancia | Reportes | Evidencias | Indicadores,PAQUETE_ENOS_ZONA5_2026_2027/Los Ríos/Valencia/01_PLAN_COMPARTIDO_O_REFERENCIAS/INFORME TÉCNICO APROBADO (1)-signed-signed.pdf
1212,Los Ríos,Mocache,PENDIENTE,Plan localizado,,Desbordamiento fluvial | Inundación | Afectación vial | Movimiento en masa / deslizamiento | Erosión hídrica / socavación,Coordinación COE/MTT | Drenaje / alcantarillado insuficiente | Maquinaria / recursos operativos | Alojamientos temporales por validar | Rutas y puntos seguros por validar,"Activación COE/UGR | Recursos y logística | Alojamientos temporales | Limpieza y mantenimiento preventivo | Evacuación, rutas y puntos seguros",Protocolos / procedimientos | Fortalecimiento UGR/COE | Simulacros / ejercicios | Capacitación | Actualización del plan,Reportes | Alertas / vigilancia | Indicadores,PAQUETE_ENOS_ZONA5_2026_2027/Los Ríos/Mocache/01_PLAN_COMPARTIDO_O_REFERENCIAS/PLAN DE ACCION Y CONTINGENCIA ENOS - MOCACHE-2026-signed-signed (1).pdf
1213,Los Ríos,Quinsaloma,PENDIENTE,Plan localizado,,Desbordamiento fluvial | Afectación vial | Inundación | Erosión hídrica / socavación | Movimiento en masa / deslizamiento,Drenaje / alcantarillado insuficiente | Coordinación COE/MTT | Alojamientos temporales por validar | Rutas y puntos seguros por validar | Monitoreo y evidencias,"Activación COE/UGR | Evacuación, rutas y puntos seguros | Recursos y logística | Alojamientos temporales | Limpieza y mantenimiento preventivo",Protocolos / procedimientos | Fortalecimiento UGR/COE | Capacitación | Simulacros / ejercicios,Alertas / vigilancia | Reportes | Evidencias,PAQUETE_ENOS_ZONA5_2026_2027/Los Ríos/Quinsaloma/01_PLAN_COMPARTIDO_O_REFERENCIAS/Plan de Acción_FENÓMENO_EL NIÑO_Quinsaloma Definivo-signed-1-signed.pdf
2401,Santa Elena,Santa Elena,ROJO,Registro F01 localizado; sin plan final localizado,45,Desbordamiento fluvial | Afectación vial | Inundación | Movimiento en masa / deslizamiento | Erosión hídrica / socavación,Coordinación COE/MTT | Monitoreo y evidencias | Drenaje / alcantarillado insuficiente | Maquinaria / recursos operativos | Rutas y puntos seguros por validar,"Activación COE/UGR | Recursos y logística | Limpieza y mantenimiento preventivo | Evacuación, rutas y puntos seguros | Alojamientos temporales",Fortalecimiento UGR/COE | Actualización del plan | Capacitación | Simulacros / ejercicios | Protocolos / procedimientos,Reportes | Alertas / vigilancia | Seguimiento mensual | Evidencias | Indicadores,PAQUETE_ENOS_ZONA5_2026_2027/Santa Elena/Santa Elena/01_PLAN_COMPARTIDO_O_REFERENCIAS/Plan de acción Enos2026_SE.v1-signed-signed-signed-1.pdf
2402,Santa Elena,La Libertad,PENDIENTE,Plan localizado,,Desbordamiento fluvial | Inundación | Afectación vial | Erosión hídrica / socavación | Marejada / zona costera,Monitoreo y evidencias | Coordinación COE/MTT | Maquinaria / recursos operativos | Drenaje / alcantarillado insuficiente | Rutas y puntos seguros por validar,"Recursos y logística | Activación COE/UGR | Evacuación, rutas y puntos seguros | Limpieza y mantenimiento preventivo | Alojamientos temporales",Fortalecimiento UGR/COE | Protocolos / procedimientos | Actualización del plan | Capacitación | Simulacros / ejercicios,Alertas / vigilancia | Reportes | Seguimiento mensual | Indicadores | Evidencias,PAQUETE_ENOS_ZONA5_2026_2027/Santa Elena/La Libertad/01_PLAN_COMPARTIDO_O_REFERENCIAS/Estructura_del_plan_de_accion_cantonal_LA LIBERTAD_fenomeno_del_niÑo-1.pdf
2403,Santa Elena,Salinas,AMARILLO,Registros F01-F02-F05 localizados; sin plan final localizado,63,Desbordamiento fluvial | Inundación | Afectación vial | Marejada / zona costera | Erosión hídrica / socavación,Coordinación COE/MTT | Monitoreo y evidencias | Maquinaria / recursos operativos | Alojamientos temporales por validar | Drenaje / alcantarillado insuficiente,"Activación COE/UGR | Recursos y logística | Alojamientos temporales | Limpieza y mantenimiento preventivo | Evacuación, rutas y puntos seguros",Fortalecimiento UGR/COE | Actualización del plan | Capacitación | Simulacros / ejercicios,Seguimiento mensual | Reportes | Evidencias | Alertas / vigilancia | Indicadores,PAQUETE_ENOS_ZONA5_2026_2027/Santa Elena/Salinas/01_PLAN_COMPARTIDO_O_REFERENCIAS/Plan de Acción Territorial El Niño 2026-2027.docx
