provincia,canton,codigo_dpa,folder_provincia,folder_canton,total_archivos,pdf_total,docx_total,md_total,txt_total,archivo_plan_principal,estado_extraccion,paginas_pdf,paginas_leidas,caracteres_extraidos,estado_documental,porcentaje_concordancia,condicion_tecnica,informe_valoracion_md,amenazas_detectadas,brechas_detectadas,respuesta_detectada,fortalecimiento_detectado,monitoreo_detectado,semaforo_preliminar_acompanamiento,lectura_base,lectura_tecnica_informe
Bolívar,Guaranda,0201,Bolívar,Guaranda,7,3,1,1,2,PAQUETE_ENOS_ZONA5_2026_2027/Bolívar/Guaranda/01_PLAN_COMPARTIDO_O_REFERENCIAS/Plan_Accion_ENOS_GAD_Guaranda_2026_2027-signed-signed-signed (1).pdf,texto_extraible,20,20,25574,"Datos y seguimiento localizado; plan generado en conversación, no extraíble como archivo original",74,Parcialmente concordante; requiere consolidación documental y anexos,PAQUETE_ENOS_ZONA5_2026_2027/Bolívar/Guaranda/02_INFORME_VALORACION/INFORME_VALORACION_GUARANDA.md,Desbordamiento fluvial; Afectación vial; Erosión hídrica / socavación; Movimiento en masa / deslizamiento; Inundación,Monitoreo y evidencias; Maquinaria / recursos operativos; Coordinación COE/MTT; Alojamientos temporales por validar; Drenaje / alcantarillado insuficiente,"Recursos y logística; Limpieza y mantenimiento preventivo; Alojamientos temporales; Evacuación, rutas y puntos seguros; Activación COE/UGR",Fortalecimiento UGR/COE; Actualización del plan,Evidencias; Seguimiento mensual; Indicadores; Reportes; Alertas / vigilancia,AMARILLO,"La información reporta crecidas torrenciales de los ríos Suquibí y Guaranda, con seguimiento mensual, necesidad de maquinaria y responsable Patricio Medina.","El porcentaje asignado corresponde a una valoración técnica preliminar, no a aprobación formal. Evalúa la presencia y coherencia de estructura, identificación de amenazas, acciones, responsables, recursos, COE, comunicación, verificables y seguimiento mensual."
Bolívar,Chillanes,0202,Bolívar,Chillanes,6,2,0,0,4,PAQUETE_ENOS_ZONA5_2026_2027/Bolívar/Chillanes/01_PLAN_COMPARTIDO_O_REFERENCIAS/PLAN DE ACCION CHILLANES-signed-signed-signed (1).pdf,texto_extraible,17,17,9582,Plan localizado,,Extracción inicial desde PDF/DOCX; requiere revisión técnica,,Desbordamiento fluvial; Movimiento en masa / deslizamiento; Inundación; Afectación vial; Erosión hídrica / socavación,Coordinación COE/MTT; Monitoreo y evidencias; Rutas y puntos seguros por validar; Maquinaria / recursos operativos; Drenaje / alcantarillado insuficiente,"Activación COE/UGR; Evacuación, rutas y puntos seguros; Recursos y logística; Alojamientos temporales; Limpieza y mantenimiento preventivo",Fortalecimiento UGR/COE,Alertas / vigilancia; Reportes; Indicadores; Seguimiento mensual,PENDIENTE,"Extracción automática detectó Desbordamiento fluvial, Movimiento en masa / deslizamiento, Inundación; brechas: Coordinación COE/MTT, Monitoreo y evidencias, Rutas y puntos seguros por validar.",
Bolívar,Chimbo,0203,Bolívar,Chimbo,6,2,1,0,3,PAQUETE_ENOS_ZONA5_2026_2027/Bolívar/Chimbo/01_PLAN_COMPARTIDO_O_REFERENCIAS/Plan de Acción Cantonal Chimbo El Niño 2026-2027-signed-signed-signed (1).pdf,texto_extraible,10,10,15684,Plan localizado,,Extracción inicial desde PDF/DOCX; requiere revisión técnica,,Afectación vial; Erosión hídrica / socavación; Movimiento en masa / deslizamiento; Desbordamiento fluvial; Inundación,Coordinación COE/MTT; Monitoreo y evidencias; Maquinaria / recursos operativos; Drenaje / alcantarillado insuficiente; Alojamientos temporales por validar,Activación COE/UGR; Recursos y logística; Limpieza y mantenimiento preventivo; Alojamientos temporales,Fortalecimiento UGR/COE; Actualización del plan; Capacitación,Seguimiento mensual; Alertas / vigilancia; Reportes; Evidencias,PENDIENTE,"Extracción automática detectó Afectación vial, Erosión hídrica / socavación, Movimiento en masa / deslizamiento; brechas: Coordinación COE/MTT, Monitoreo y evidencias, Maquinaria / recursos operativos.",
Bolívar,Echeandía,0204,Bolívar,Echeandía,4,1,0,1,2,PAQUETE_ENOS_ZONA5_2026_2027/Bolívar/Echeandía/01_PLAN_COMPARTIDO_O_REFERENCIAS/Plan de ACCION 2026-2027 ENOS-signed-signed-signed (1).pdf,texto_extraible,45,45,56640,Registros F01 localizados; sin plan final localizado,52,Información base insuficiente para plan definitivo,PAQUETE_ENOS_ZONA5_2026_2027/Bolívar/Echeandía/02_INFORME_VALORACION/INFORME_VALORACION_ECHEANDÍA.md,Desbordamiento fluvial; Afectación vial; Inundación; Erosión hídrica / socavación; Movimiento en masa / deslizamiento,Coordinación COE/MTT; Monitoreo y evidencias; Maquinaria / recursos operativos; Rutas y puntos seguros por validar; Drenaje / alcantarillado insuficiente,"Activación COE/UGR; Recursos y logística; Evacuación, rutas y puntos seguros; Alojamientos temporales; Limpieza y mantenimiento preventivo",Fortalecimiento UGR/COE; Protocolos / procedimientos; Actualización del plan; Capacitación; Simulacros / ejercicios,Alertas / vigilancia; Reportes; Evidencias; Seguimiento mensual; Indicadores,ROJO,"Se identifican puntos críticos y acciones asociadas a dragado, encauzamiento y muros de contención.","El porcentaje asignado corresponde a una valoración técnica preliminar, no a aprobación formal. Evalúa la presencia y coherencia de estructura, identificación de amenazas, acciones, responsables, recursos, COE, comunicación, verificables y seguimiento mensual."
Bolívar,San Miguel,0205,Bolívar,San Miguel,4,1,0,0,3,PAQUETE_ENOS_ZONA5_2026_2027/Bolívar/San Miguel/02_INFORME_VALORACION/Informe_revision_San_Miguel_Bolivar_ENOS_2026_2027.pdf,texto_extraible,4,4,9779,Plan localizado,,Extracción inicial desde PDF/DOCX; requiere revisión técnica,,Desbordamiento fluvial; Inundación; Afectación vial; Déficit hídrico / sequía,Coordinación COE/MTT; Monitoreo y evidencias; Alojamientos temporales por validar; Rutas y puntos seguros por validar; Maquinaria / recursos operativos,"Activación COE/UGR; Alojamientos temporales; Evacuación, rutas y puntos seguros; Recursos y logística",Fortalecimiento UGR/COE; Simulacros / ejercicios,Reportes; Evidencias; Alertas / vigilancia; Indicadores; Seguimiento mensual,PENDIENTE,"Extracción automática detectó Desbordamiento fluvial, Inundación, Afectación vial; brechas: Coordinación COE/MTT, Monitoreo y evidencias, Alojamientos temporales por validar.",
Bolívar,Caluma,0206,Bolívar,Caluma,6,2,1,1,2,PAQUETE_ENOS_ZONA5_2026_2027/Bolívar/Caluma/01_PLAN_COMPARTIDO_O_REFERENCIAS/Estructura del plan de accion cantonal provincial (1)-signed-signed-signed (1).pdf,texto_extraible,26,26,49324,Plan localizado,72,Revisión técnica requerida antes de remisión formal,PAQUETE_ENOS_ZONA5_2026_2027/Bolívar/Caluma/02_INFORME_VALORACION/INFORME_VALORACION_CALUMA.md,Desbordamiento fluvial; Afectación vial; Inundación; Erosión hídrica / socavación; Movimiento en masa / deslizamiento,Coordinación COE/MTT; Monitoreo y evidencias; Maquinaria / recursos operativos; Drenaje / alcantarillado insuficiente; Alojamientos temporales por validar,"Activación COE/UGR; Recursos y logística; Alojamientos temporales; Limpieza y mantenimiento preventivo; Evacuación, rutas y puntos seguros",Fortalecimiento UGR/COE; Actualización del plan; Capacitación; Simulacros / ejercicios; Protocolos / procedimientos,Evidencias; Reportes; Alertas / vigilancia; Seguimiento mensual; Indicadores,AMARILLO,El documento se identifica como Plan de Acción Territorial ante el Evento El Niño del cantón Caluma 2026-2027.,"El porcentaje asignado corresponde a una valoración técnica preliminar, no a aprobación formal. Evalúa la presencia y coherencia de estructura, identificación de amenazas, acciones, responsables, recursos, COE, comunicación, verificables y seguimiento mensual."
Bolívar,Las Naves,0207,Bolívar,Las Naves,7,2,1,0,4,PAQUETE_ENOS_ZONA5_2026_2027/Bolívar/Las Naves/01_PLAN_COMPARTIDO_O_REFERENCIAS/Plan_Accion_Cantonal_ENOS_Las_Naves_Bolivar-signed-signed.pdf,texto_extraible,12,12,30660,Plan localizado,,Extracción inicial desde PDF/DOCX; requiere revisión técnica,,Desbordamiento fluvial; Afectación vial; Erosión hídrica / socavación; Inundación; Movimiento en masa / deslizamiento,Coordinación COE/MTT; Monitoreo y evidencias; Rutas y puntos seguros por validar; Maquinaria / recursos operativos; Alojamientos temporales por validar,"Limpieza y mantenimiento preventivo; Activación COE/UGR; Evacuación, rutas y puntos seguros; Alojamientos temporales; Recursos y logística",Fortalecimiento UGR/COE; Simulacros / ejercicios; Protocolos / procedimientos; Actualización del plan,Reportes; Alertas / vigilancia; Evidencias; Seguimiento mensual; Indicadores,PENDIENTE,"Extracción automática detectó Desbordamiento fluvial, Afectación vial, Erosión hídrica / socavación; brechas: Coordinación COE/MTT, Monitoreo y evidencias, Rutas y puntos seguros por validar.",
Galápagos,San Cristobal,2001,Galápagos,San Cristóbal,4,0,0,0,4,,sin_archivo,,0,0,Sin plan localizado,,No se localizó plan en carpeta 01,,,,,,,PENDIENTE,Pendiente de lectura técnica: el documento requiere extracción o validación manual.,
Galápagos,Isabela,2002,Galápagos,Isabela,5,3,0,0,2,PAQUETE_ENOS_ZONA5_2026_2027/Galápagos/Isabela/01_PLAN_COMPARTIDO_O_REFERENCIAS/PLAN DE CONTINGENCIA POR EL FENÓMENO DE EL NIÑO 2026-2027 FINAL-signed-signed-signed-signed-signed-1.pdf,texto_extraible,41,41,71586,Plan localizado,,Extracción inicial desde PDF/DOCX; requiere revisión técnica,,Afectación vial; Desbordamiento fluvial; Inundación; Marejada / zona costera; Erosión hídrica / socavación,Coordinación COE/MTT; Drenaje / alcantarillado insuficiente; Monitoreo y evidencias; Alojamientos temporales por validar; Maquinaria / recursos operativos,"Limpieza y mantenimiento preventivo; Activación COE/UGR; Recursos y logística; Alojamientos temporales; Evacuación, rutas y puntos seguros",Fortalecimiento UGR/COE; Protocolos / procedimientos; Capacitación; Simulacros / ejercicios,Alertas / vigilancia; Evidencias; Reportes,PENDIENTE,"Extracción automática detectó Afectación vial, Desbordamiento fluvial, Inundación; brechas: Coordinación COE/MTT, Drenaje / alcantarillado insuficiente, Monitoreo y evidencias.",
Galápagos,Santa Cruz,2003,Galápagos,Santa Cruz,5,2,0,0,3,PAQUETE_ENOS_ZONA5_2026_2027/Galápagos/Santa Cruz/01_PLAN_COMPARTIDO_O_REFERENCIAS/Plan Contingencia ante El Fenómeno de el Niño 2026 - 2027-signed-signed-signed.pdf,texto_extraible,49,49,104172,Plan localizado,,Extracción inicial desde PDF/DOCX; requiere revisión técnica,,Desbordamiento fluvial; Afectación vial; Inundación; Movimiento en masa / deslizamiento; Déficit hídrico / sequía,Coordinación COE/MTT; Maquinaria / recursos operativos; Drenaje / alcantarillado insuficiente; Alojamientos temporales por validar; Monitoreo y evidencias,"Activación COE/UGR; Recursos y logística; Alojamientos temporales; Limpieza y mantenimiento preventivo; Evacuación, rutas y puntos seguros",Fortalecimiento UGR/COE; Protocolos / procedimientos; Capacitación; Actualización del plan,Reportes; Alertas / vigilancia; Evidencias; Indicadores; Seguimiento mensual,PENDIENTE,"Extracción automática detectó Desbordamiento fluvial, Afectación vial, Inundación; brechas: Coordinación COE/MTT, Maquinaria / recursos operativos, Drenaje / alcantarillado insuficiente.",
Guayas,Guayaquil,0901,Guayas,Guayaquil,14,9,1,0,4,PAQUETE_ENOS_ZONA5_2026_2027/Guayas/Guayaquil/01_PLAN_COMPARTIDO_O_REFERENCIAS/PLAN DE ACCIÓN TERRITORIAL ANTE EL EVENTO ENOS 2026-2027_SEGURAEP_GADMGUAYAQUIL_V1-signed-signed-signed-signed-signed.pdf,texto_extraible,51,50,50723,Plan localizado,,Extracción inicial desde PDF/DOCX; requiere revisión técnica,,Desbordamiento fluvial; Inundación; Afectación vial; Movimiento en masa / deslizamiento; Déficit hídrico / sequía,Coordinación COE/MTT; Monitoreo y evidencias; Drenaje / alcantarillado insuficiente; Maquinaria / recursos operativos; Alojamientos temporales por validar,"Activación COE/UGR; Alojamientos temporales; Recursos y logística; Limpieza y mantenimiento preventivo; Evacuación, rutas y puntos seguros",Fortalecimiento UGR/COE; Simulacros / ejercicios; Protocolos / procedimientos; Capacitación; Actualización del plan,Alertas / vigilancia; Reportes; Evidencias; Seguimiento mensual; Indicadores,PENDIENTE,"Extracción automática detectó Desbordamiento fluvial, Inundación, Afectación vial; brechas: Coordinación COE/MTT, Monitoreo y evidencias, Drenaje / alcantarillado insuficiente.",
Guayas,Alfredo Baquerizo Moreno,0902,Guayas,Alfredo Baquerizo Moreno (Jujan),7,2,1,0,4,PAQUETE_ENOS_ZONA5_2026_2027/Guayas/Alfredo Baquerizo Moreno (Jujan)/01_PLAN_COMPARTIDO_O_REFERENCIAS/Plan_Accion_ENOS_GAD_JUJAN V01_2026 ENVIO-signed-signed (1)-signed (1)-signed-1.pdf,texto_extraible,30,30,58442,Plan localizado,,Extracción inicial desde PDF/DOCX; requiere revisión técnica,,Desbordamiento fluvial; Inundación; Erosión hídrica / socavación; Afectación vial; Movimiento en masa / deslizamiento,Coordinación COE/MTT; Drenaje / alcantarillado insuficiente; Monitoreo y evidencias; Maquinaria / recursos operativos; Alojamientos temporales por validar,"Activación COE/UGR; Limpieza y mantenimiento preventivo; Evacuación, rutas y puntos seguros; Recursos y logística; Alojamientos temporales",Fortalecimiento UGR/COE; Protocolos / procedimientos; Simulacros / ejercicios; Capacitación,Evidencias; Reportes; Alertas / vigilancia; Seguimiento mensual; Indicadores,PENDIENTE,"Extracción automática detectó Desbordamiento fluvial, Inundación, Erosión hídrica / socavación; brechas: Coordinación COE/MTT, Drenaje / alcantarillado insuficiente, Monitoreo y evidencias.",
Guayas,Balao,0903,Guayas,Balao,5,2,0,0,3,PAQUETE_ENOS_ZONA5_2026_2027/Guayas/Balao/01_PLAN_COMPARTIDO_O_REFERENCIAS/PLAN DE RESPUESTA ANTE EL FENÓMENO EL NIÑO EL CANTON BALAO 2026-signed-signed.pdf,texto_extraible,26,26,44136,Plan localizado,,Extracción inicial desde PDF/DOCX; requiere revisión técnica,,Desbordamiento fluvial; Inundación; Afectación vial; Erosión hídrica / socavación; Movimiento en masa / deslizamiento,Monitoreo y evidencias; Rutas y puntos seguros por validar; Coordinación COE/MTT; Alojamientos temporales por validar; Drenaje / alcantarillado insuficiente,"Evacuación, rutas y puntos seguros; Limpieza y mantenimiento preventivo; Alojamientos temporales; Recursos y logística; Activación COE/UGR",Fortalecimiento UGR/COE; Simulacros / ejercicios; Protocolos / procedimientos; Capacitación,Alertas / vigilancia; Evidencias; Reportes,PENDIENTE,"Extracción automática detectó Desbordamiento fluvial, Inundación, Afectación vial; brechas: Monitoreo y evidencias, Rutas y puntos seguros por validar, Coordinación COE/MTT.",
Guayas,Balzar,0904,Guayas,Balzar,5,2,0,1,2,PAQUETE_ENOS_ZONA5_2026_2027/Guayas/Balzar/01_PLAN_COMPARTIDO_O_REFERENCIAS/Plan_Accion_ENOS_Balzar_Consolidado_SNGR.2026-signed-signed.pdf,texto_extraible,68,50,60638,Registros base localizados; sin plan final localizado,55,Requiere plan cantonal estructurado,PAQUETE_ENOS_ZONA5_2026_2027/Guayas/Balzar/02_INFORME_VALORACION/INFORME_VALORACION_BALZAR.md,Desbordamiento fluvial; Afectación vial; Inundación; Erosión hídrica / socavación,Monitoreo y evidencias; Maquinaria / recursos operativos; Coordinación COE/MTT; Alojamientos temporales por validar; Drenaje / alcantarillado insuficiente,"Evacuación, rutas y puntos seguros; Limpieza y mantenimiento preventivo; Alojamientos temporales; Recursos y logística; Activación COE/UGR",Fortalecimiento UGR/COE; Simulacros / ejercicios; Protocolos / procedimientos; Actualización del plan; Capacitación,Indicadores; Evidencias; Seguimiento mensual; Reportes; Alertas / vigilancia,ROJO,Existe trazabilidad de registros pero no se localizó un plan cantonal final en los archivos compartidos.,"El porcentaje asignado corresponde a una valoración técnica preliminar, no a aprobación formal. Evalúa la presencia y coherencia de estructura, identificación de amenazas, acciones, responsables, recursos, COE, comunicación, verificables y seguimiento mensual."
Guayas,Colimes,0905,Guayas,Colimes,4,1,0,0,3,PAQUETE_ENOS_ZONA5_2026_2027/Guayas/Colimes/01_PLAN_COMPARTIDO_O_REFERENCIAS/Plan_Accion_ENOS_Colimes_2026_2027_Completo01-signed-signed-signed.pdf,texto_extraible,22,22,42484,Plan localizado,,Extracción inicial desde PDF/DOCX; requiere revisión técnica,,Desbordamiento fluvial; Afectación vial; Erosión hídrica / socavación; Inundación; Movimiento en masa / deslizamiento,Coordinación COE/MTT; Monitoreo y evidencias; Alojamientos temporales por validar; Rutas y puntos seguros por validar; Drenaje / alcantarillado insuficiente,"Activación COE/UGR; Evacuación, rutas y puntos seguros; Alojamientos temporales; Recursos y logística; Limpieza y mantenimiento preventivo",Fortalecimiento UGR/COE; Actualización del plan; Simulacros / ejercicios; Protocolos / procedimientos,Reportes; Alertas / vigilancia; Seguimiento mensual; Evidencias; Indicadores,PENDIENTE,"Extracción automática detectó Desbordamiento fluvial, Afectación vial, Erosión hídrica / socavación; brechas: Coordinación COE/MTT, Monitoreo y evidencias, Alojamientos temporales por validar.",
Guayas,Daule,0906,Guayas,Daule,5,1,0,2,2,PAQUETE_ENOS_ZONA5_2026_2027/Guayas/Daule/01_PLAN_COMPARTIDO_O_REFERENCIAS/plan_accion_enos_2026_2027_daule_final_sngr-signed-signed.pdf,texto_extraible,17,17,40879,Registros ENOS y seguimiento localizados; plan conversacional no extraíble como archivo original,70,Parcialmente concordante; requiere cierre documental,PAQUETE_ENOS_ZONA5_2026_2027/Guayas/Daule/02_INFORME_VALORACION/INFORME_VALORACION_DAULE.md,Desbordamiento fluvial; Afectación vial; Inundación; Erosión hídrica / socavación,Coordinación COE/MTT; Monitoreo y evidencias; Drenaje / alcantarillado insuficiente; Rutas y puntos seguros por validar; Maquinaria / recursos operativos,"Activación COE/UGR; Evacuación, rutas y puntos seguros; Recursos y logística; Limpieza y mantenimiento preventivo; Alojamientos temporales",Fortalecimiento UGR/COE; Actualización del plan; Capacitación; Protocolos / procedimientos; Simulacros / ejercicios,Reportes; Seguimiento mensual; Evidencias; Alertas / vigilancia; Indicadores,AMARILLO,"Se registran infraestructura esencial, reducción de capacidad hidráulica, brecha de resiliencia operativa de subestación y erosión ribereña.","El porcentaje asignado corresponde a una valoración técnica preliminar, no a aprobación formal. Evalúa la presencia y coherencia de estructura, identificación de amenazas, acciones, responsables, recursos, COE, comunicación, verificables y seguimiento mensual."
Guayas,Duran,0907,Guayas,Durán,3,1,0,0,2,PAQUETE_ENOS_ZONA5_2026_2027/Guayas/Durán/01_PLAN_COMPARTIDO_O_REFERENCIAS/PLAN DE ACCIÓN  ANTE EL EVENTO EL NIÑO 2026 - Cantón Eloy Alfaro-signed (3).pdf,texto_extraible,105,50,66449,Plan localizado,,Extracción inicial desde PDF/DOCX; requiere revisión técnica,,Desbordamiento fluvial; Afectación vial; Inundación; Movimiento en masa / deslizamiento; Erosión hídrica / socavación,Monitoreo y evidencias; Coordinación COE/MTT; Drenaje / alcantarillado insuficiente; Maquinaria / recursos operativos; Alojamientos temporales por validar,"Activación COE/UGR; Limpieza y mantenimiento preventivo; Recursos y logística; Evacuación, rutas y puntos seguros; Alojamientos temporales",Fortalecimiento UGR/COE; Simulacros / ejercicios; Protocolos / procedimientos; Actualización del plan,Alertas / vigilancia; Reportes; Seguimiento mensual; Evidencias,PENDIENTE,"Extracción automática detectó Desbordamiento fluvial, Afectación vial, Inundación; brechas: Monitoreo y evidencias, Coordinación COE/MTT, Drenaje / alcantarillado insuficiente.",
Guayas,Empalme,0908,Guayas,El Empalme,5,3,0,0,2,PAQUETE_ENOS_ZONA5_2026_2027/Guayas/El Empalme/01_PLAN_COMPARTIDO_O_REFERENCIAS/Plan_Accion_ENOS_GAD_El_Empalme_V01_2026-signed-signed-signed-signed-signed-signed-signed-signed-signed.pdf,texto_extraible,20,20,28845,Plan localizado,,Extracción inicial desde PDF/DOCX; requiere revisión técnica,,Desbordamiento fluvial; Inundación; Afectación vial; Movimiento en masa / deslizamiento; Erosión hídrica / socavación,Coordinación COE/MTT; Drenaje / alcantarillado insuficiente; Monitoreo y evidencias; Maquinaria / recursos operativos; Alojamientos temporales por validar,"Activación COE/UGR; Limpieza y mantenimiento preventivo; Evacuación, rutas y puntos seguros; Recursos y logística; Alojamientos temporales",Fortalecimiento UGR/COE; Protocolos / procedimientos; Simulacros / ejercicios; Capacitación,Reportes; Evidencias; Alertas / vigilancia; Seguimiento mensual; Indicadores,PENDIENTE,"Extracción automática detectó Desbordamiento fluvial, Inundación, Afectación vial; brechas: Coordinación COE/MTT, Drenaje / alcantarillado insuficiente, Monitoreo y evidencias.",
Guayas,El Triunfo,0909,Guayas,El Triunfo,5,1,0,0,4,PAQUETE_ENOS_ZONA5_2026_2027/Guayas/El Triunfo/01_PLAN_COMPARTIDO_O_REFERENCIAS/PLAN DE GESTIÓN DE RIESGOS CANTONAL.pdf,texto_extraible,72,50,62320,Plan localizado,,Extracción inicial desde PDF/DOCX; requiere revisión técnica,,Desbordamiento fluvial; Afectación vial; Inundación; Movimiento en masa / deslizamiento; Erosión hídrica / socavación,Monitoreo y evidencias; Coordinación COE/MTT; Alojamientos temporales por validar; Maquinaria / recursos operativos; Drenaje / alcantarillado insuficiente,"Alojamientos temporales; Activación COE/UGR; Recursos y logística; Limpieza y mantenimiento preventivo; Evacuación, rutas y puntos seguros",Fortalecimiento UGR/COE; Capacitación; Protocolos / procedimientos; Simulacros / ejercicios; Actualización del plan,Alertas / vigilancia; Indicadores; Evidencias; Reportes,PENDIENTE,"Extracción automática detectó Desbordamiento fluvial, Afectación vial, Inundación; brechas: Monitoreo y evidencias, Coordinación COE/MTT, Alojamientos temporales por validar.",
Guayas,Milagro,0910,Guayas,Milagro,5,3,0,0,2,PAQUETE_ENOS_ZONA5_2026_2027/Guayas/Milagro/01_PLAN_COMPARTIDO_O_REFERENCIAS/compilado PLAN_ENOS_MILAGRO_SNGR_COMPLETO.pdf,texto_extraible,50,50,96335,Plan localizado,,Extracción inicial desde PDF/DOCX; requiere revisión técnica,,Desbordamiento fluvial; Afectación vial; Inundación; Erosión hídrica / socavación; Déficit hídrico / sequía,Drenaje / alcantarillado insuficiente; Monitoreo y evidencias; Coordinación COE/MTT; Maquinaria / recursos operativos; Alojamientos temporales por validar,"Limpieza y mantenimiento preventivo; Recursos y logística; Activación COE/UGR; Evacuación, rutas y puntos seguros; Alojamientos temporales",Fortalecimiento UGR/COE; Protocolos / procedimientos; Capacitación; Actualización del plan; Simulacros / ejercicios,Reportes; Evidencias; Alertas / vigilancia; Indicadores; Seguimiento mensual,PENDIENTE,"Extracción automática detectó Desbordamiento fluvial, Afectación vial, Inundación; brechas: Drenaje / alcantarillado insuficiente, Monitoreo y evidencias, Coordinación COE/MTT.",
Guayas,Naranjal,0911,Guayas,Naranjal,7,3,0,0,4,PAQUETE_ENOS_ZONA5_2026_2027/Guayas/Naranjal/01_PLAN_COMPARTIDO_O_REFERENCIAS/Plan_Accion_ENOS_2026_2027_GAD_Naranjal_SNGR-signed-signed.pdf,texto_extraible,11,11,32748,Plan localizado,,Extracción inicial desde PDF/DOCX; requiere revisión técnica,,Desbordamiento fluvial; Afectación vial; Inundación; Erosión hídrica / socavación; Movimiento en masa / deslizamiento,Drenaje / alcantarillado insuficiente; Coordinación COE/MTT; Monitoreo y evidencias; Maquinaria / recursos operativos; Alojamientos temporales por validar,"Activación COE/UGR; Limpieza y mantenimiento preventivo; Alojamientos temporales; Recursos y logística; Evacuación, rutas y puntos seguros",Fortalecimiento UGR/COE; Capacitación; Actualización del plan; Simulacros / ejercicios,Seguimiento mensual; Reportes; Alertas / vigilancia; Evidencias; Indicadores,PENDIENTE,"Extracción automática detectó Desbordamiento fluvial, Afectación vial, Inundación; brechas: Drenaje / alcantarillado insuficiente, Coordinación COE/MTT, Monitoreo y evidencias.",
Guayas,Naranjito,0912,Guayas,Naranjito,5,1,1,0,3,PAQUETE_ENOS_ZONA5_2026_2027/Guayas/Naranjito/01_PLAN_COMPARTIDO_O_REFERENCIAS/Plan_Accion_ENOS_Naranjito_2026_2027 (1)(1).docx,texto_extraible_docx,,0,27787,Plan localizado,,Extracción inicial desde PDF/DOCX; requiere revisión técnica,,Desbordamiento fluvial; Afectación vial; Inundación; Erosión hídrica / socavación,Coordinación COE/MTT; Monitoreo y evidencias; Drenaje / alcantarillado insuficiente; Alojamientos temporales por validar; Rutas y puntos seguros por validar,"Activación COE/UGR; Evacuación, rutas y puntos seguros; Alojamientos temporales; Limpieza y mantenimiento preventivo; Recursos y logística",Fortalecimiento UGR/COE; Simulacros / ejercicios; Actualización del plan; Capacitación; Protocolos / procedimientos,Reportes; Alertas / vigilancia; Evidencias; Seguimiento mensual; Indicadores,PENDIENTE,"Extracción automática detectó Desbordamiento fluvial, Afectación vial, Inundación; brechas: Coordinación COE/MTT, Monitoreo y evidencias, Drenaje / alcantarillado insuficiente.",
Guayas,Palestina,0913,Guayas,Palestina,5,1,0,0,4,PAQUETE_ENOS_ZONA5_2026_2027/Guayas/Palestina/01_PLAN_COMPARTIDO_O_REFERENCIAS/Plan_Accion_ENOS_2026_2027_GAD_Palestina__SNGR-signed-signed.pdf,texto_extraible,10,10,24813,Plan localizado,,Extracción inicial desde PDF/DOCX; requiere revisión técnica,,Desbordamiento fluvial; Afectación vial; Inundación,Coordinación COE/MTT; Monitoreo y evidencias; Alojamientos temporales por validar; Drenaje / alcantarillado insuficiente; Maquinaria / recursos operativos,"Activación COE/UGR; Recursos y logística; Alojamientos temporales; Evacuación, rutas y puntos seguros; Limpieza y mantenimiento preventivo",Fortalecimiento UGR/COE; Protocolos / procedimientos; Simulacros / ejercicios; Actualización del plan,Alertas / vigilancia; Evidencias; Reportes; Seguimiento mensual; Indicadores,PENDIENTE,"Extracción automática detectó Desbordamiento fluvial, Afectación vial, Inundación; brechas: Coordinación COE/MTT, Monitoreo y evidencias, Alojamientos temporales por validar.",
Guayas,Pedro Carbo,0914,Guayas,Pedro Carbo,5,1,0,2,2,PAQUETE_ENOS_ZONA5_2026_2027/Guayas/Pedro Carbo/01_PLAN_COMPARTIDO_O_REFERENCIAS/PLAN DE ACCIÓN TERRITORIAL ANTE EL EVENTO EL NIÑO 2026-signed-signed-signed.pdf,texto_extraible,14,14,32999,Plan final y revisión localizados,86,Alta concordancia; apto para revisión y firma con anexos,PAQUETE_ENOS_ZONA5_2026_2027/Guayas/Pedro Carbo/02_INFORME_VALORACION/INFORME_VALORACION_PEDRO CARBO.md,Desbordamiento fluvial; Afectación vial; Inundación,Drenaje / alcantarillado insuficiente; Coordinación COE/MTT; Monitoreo y evidencias; Rutas y puntos seguros por validar; Maquinaria / recursos operativos,"Activación COE/UGR; Limpieza y mantenimiento preventivo; Recursos y logística; Evacuación, rutas y puntos seguros; Alojamientos temporales",Fortalecimiento UGR/COE; Capacitación; Actualización del plan; Simulacros / ejercicios; Protocolos / procedimientos,Evidencias; Reportes; Alertas / vigilancia; Seguimiento mensual; Indicadores,VERDE,"El plan contiene estructura completa: datos generales, caracterización territorial, amenazas, zonas expuestas, COE, fases operativas, recursos, seguimiento, comunicación, firmas y anexos.","El porcentaje asignado corresponde a una valoración técnica preliminar, no a aprobación formal. Evalúa la presencia y coherencia de estructura, identificación de amenazas, acciones, responsables, recursos, COE, comunicación, verificables y seguimiento mensual."
Guayas,Samborondon,0916,Guayas,Samborondón,8,4,0,0,4,PAQUETE_ENOS_ZONA5_2026_2027/Guayas/Samborondón/01_PLAN_COMPARTIDO_O_REFERENCIAS/1.0 Plan de Preparación y Respuesta ante Eventos Hidrometeorológicos y Posibles Efectos del Fenómeno El Niño 2026-2027 (ENOS) -signed-2.pdf,texto_extraible,50,50,75398,Plan localizado,,Extracción inicial desde PDF/DOCX; requiere revisión técnica,,Desbordamiento fluvial; Inundación; Afectación vial; Erosión hídrica / socavación; Marejada / zona costera,Coordinación COE/MTT; Drenaje / alcantarillado insuficiente; Monitoreo y evidencias; Maquinaria / recursos operativos; Alojamientos temporales por validar,"Activación COE/UGR; Limpieza y mantenimiento preventivo; Recursos y logística; Alojamientos temporales; Evacuación, rutas y puntos seguros",Fortalecimiento UGR/COE; Protocolos / procedimientos; Simulacros / ejercicios; Capacitación,Alertas / vigilancia; Reportes; Indicadores; Seguimiento mensual,PENDIENTE,"Extracción automática detectó Desbordamiento fluvial, Inundación, Afectación vial; brechas: Coordinación COE/MTT, Drenaje / alcantarillado insuficiente, Monitoreo y evidencias.",
Guayas,Santa Lucia,0918,Guayas,Santa Lucía,8,4,0,0,4,PAQUETE_ENOS_ZONA5_2026_2027/Guayas/Santa Lucía/01_PLAN_COMPARTIDO_O_REFERENCIAS/PLAN DE ACCIÓN TERRITORIAL DEL CANTÓN SANTA LUCÍA PARA LA ÉPOCA LLUVIOSA Y ENOS 2026-2027-signed (1).pdf,texto_extraible,24,24,55175,Plan localizado,,Extracción inicial desde PDF/DOCX; requiere revisión técnica,,Desbordamiento fluvial; Afectación vial; Inundación; Erosión hídrica / socavación; Déficit hídrico / sequía,Monitoreo y evidencias; Coordinación COE/MTT; Maquinaria / recursos operativos; Drenaje / alcantarillado insuficiente; Alojamientos temporales por validar,"Activación COE/UGR; Recursos y logística; Limpieza y mantenimiento preventivo; Alojamientos temporales; Evacuación, rutas y puntos seguros",Fortalecimiento UGR/COE; Simulacros / ejercicios; Capacitación; Protocolos / procedimientos; Actualización del plan,Alertas / vigilancia; Reportes; Seguimiento mensual; Indicadores; Evidencias,PENDIENTE,"Extracción automática detectó Desbordamiento fluvial, Afectación vial, Inundación; brechas: Monitoreo y evidencias, Coordinación COE/MTT, Maquinaria / recursos operativos.",
Guayas,Salitre,0919,Guayas,Salitre,4,1,0,1,2,PAQUETE_ENOS_ZONA5_2026_2027/Guayas/Salitre/01_PLAN_COMPARTIDO_O_REFERENCIAS/Plan Cantonal de Preparación y Respuesta ante el Fenómeno ENOS-signed.pdf,texto_extraible,11,11,10120,Registros base localizados; sin plan final localizado,55,Requiere consolidación documental,PAQUETE_ENOS_ZONA5_2026_2027/Guayas/Salitre/02_INFORME_VALORACION/INFORME_VALORACION_SALITRE.md,Desbordamiento fluvial; Inundación; Afectación vial; Erosión hídrica / socavación; Movimiento en masa / deslizamiento,Coordinación COE/MTT; Monitoreo y evidencias; Drenaje / alcantarillado insuficiente; Alojamientos temporales por validar; Maquinaria / recursos operativos,"Activación COE/UGR; Alojamientos temporales; Recursos y logística; Evacuación, rutas y puntos seguros; Limpieza y mantenimiento preventivo",Fortalecimiento UGR/COE; Capacitación; Simulacros / ejercicios; Actualización del plan,Alertas / vigilancia; Seguimiento mensual; Indicadores; Evidencias; Reportes,ROJO,"Existe registro institucional, pero no plan final localizado.","El porcentaje asignado corresponde a una valoración técnica preliminar, no a aprobación formal. Evalúa la presencia y coherencia de estructura, identificación de amenazas, acciones, responsables, recursos, COE, comunicación, verificables y seguimiento mensual."
Guayas,San Jacinto De Yaguachi,0920,Guayas,Yaguachi,5,1,0,0,4,PAQUETE_ENOS_ZONA5_2026_2027/Guayas/Yaguachi/01_PLAN_COMPARTIDO_O_REFERENCIAS/PLAN DE RESPUESTA INVERNAL CANTONAL 2026-signed-signed SAN JACINTO DE YAGUACHI (1).pdf,texto_extraible,47,47,58938,Plan localizado,,Extracción inicial desde PDF/DOCX; requiere revisión técnica,,Desbordamiento fluvial; Afectación vial; Inundación; Erosión hídrica / socavación; Movimiento en masa / deslizamiento,Coordinación COE/MTT; Monitoreo y evidencias; Alojamientos temporales por validar; Maquinaria / recursos operativos; Drenaje / alcantarillado insuficiente,"Activación COE/UGR; Alojamientos temporales; Recursos y logística; Evacuación, rutas y puntos seguros; Limpieza y mantenimiento preventivo",Fortalecimiento UGR/COE; Simulacros / ejercicios; Capacitación; Protocolos / procedimientos; Actualización del plan,Alertas / vigilancia; Reportes; Evidencias,PENDIENTE,"Extracción automática detectó Desbordamiento fluvial, Afectación vial, Inundación; brechas: Coordinación COE/MTT, Monitoreo y evidencias, Alojamientos temporales por validar.",
Guayas,Playas,0921,Guayas,Playas,5,1,0,2,2,PAQUETE_ENOS_ZONA5_2026_2027/Guayas/Playas/01_PLAN_COMPARTIDO_O_REFERENCIAS/Informe_revision_porcentaje_Playas_ENOS_2026 (4).pdf,texto_extraible,3,3,6023,Registros base localizados; sin plan final localizado,50,Borrador/base en etapa inicial,PAQUETE_ENOS_ZONA5_2026_2027/Guayas/Playas/02_INFORME_VALORACION/INFORME_VALORACION_PLAYAS.md,Desbordamiento fluvial; Afectación vial; Inundación; Déficit hídrico / sequía,Monitoreo y evidencias; Coordinación COE/MTT; Alojamientos temporales por validar; Rutas y puntos seguros por validar; Maquinaria / recursos operativos,"Alojamientos temporales; Activación COE/UGR; Evacuación, rutas y puntos seguros; Recursos y logística; Limpieza y mantenimiento preventivo",Fortalecimiento UGR/COE; Protocolos / procedimientos,Seguimiento mensual; Evidencias; Indicadores; Alertas / vigilancia; Reportes,ROJO,"Se localiza registro base del caso, pero no documento final del plan.","El porcentaje asignado corresponde a una valoración técnica preliminar, no a aprobación formal. Evalúa la presencia y coherencia de estructura, identificación de amenazas, acciones, responsables, recursos, COE, comunicación, verificables y seguimiento mensual."
Guayas,Simón Bolívar,0922,Guayas,Simón Bolívar,8,4,0,0,4,PAQUETE_ENOS_ZONA5_2026_2027/Guayas/Simón Bolívar/01_PLAN_COMPARTIDO_O_REFERENCIAS/PLAN DE ACCION SIMON BOLIVAR 2026-signed-signed-signed-1.pdf,texto_extraible,61,50,73099,Plan localizado,,Extracción inicial desde PDF/DOCX; requiere revisión técnica,,Desbordamiento fluvial; Afectación vial; Inundación; Movimiento en masa / deslizamiento; Erosión hídrica / socavación,Monitoreo y evidencias; Coordinación COE/MTT; Drenaje / alcantarillado insuficiente; Alojamientos temporales por validar; Maquinaria / recursos operativos,"Activación COE/UGR; Limpieza y mantenimiento preventivo; Alojamientos temporales; Recursos y logística; Evacuación, rutas y puntos seguros",Fortalecimiento UGR/COE; Capacitación; Protocolos / procedimientos; Simulacros / ejercicios; Actualización del plan,Reportes; Evidencias; Alertas / vigilancia; Seguimiento mensual; Indicadores,PENDIENTE,"Extracción automática detectó Desbordamiento fluvial, Afectación vial, Inundación; brechas: Monitoreo y evidencias, Coordinación COE/MTT, Drenaje / alcantarillado insuficiente.",
Guayas,Crnel. Marcelino Maridueña,0923,Guayas,Marcelino Maridueña,9,4,1,0,4,PAQUETE_ENOS_ZONA5_2026_2027/Guayas/Marcelino Maridueña/01_PLAN_COMPARTIDO_O_REFERENCIAS/PLAN DE ACCIÓN FRENTE A EVENTO EL NIÑO 2026-2027-signed (1)-signed-signed (1)-signed-signed.pdf,texto_extraible,30,30,40902,Plan localizado,,Extracción inicial desde PDF/DOCX; requiere revisión técnica,,Desbordamiento fluvial; Inundación; Afectación vial; Movimiento en masa / deslizamiento,Coordinación COE/MTT; Maquinaria / recursos operativos; Monitoreo y evidencias; Drenaje / alcantarillado insuficiente; Rutas y puntos seguros por validar,"Activación COE/UGR; Recursos y logística; Evacuación, rutas y puntos seguros; Alojamientos temporales; Limpieza y mantenimiento preventivo",Fortalecimiento UGR/COE; Protocolos / procedimientos; Actualización del plan; Capacitación,Alertas / vigilancia; Reportes,PENDIENTE,"Extracción automática detectó Desbordamiento fluvial, Inundación, Afectación vial; brechas: Coordinación COE/MTT, Maquinaria / recursos operativos, Monitoreo y evidencias.",
Guayas,Lomas De Sargentillo,0924,Guayas,Lomas de Sargentillo,4,1,0,0,3,PAQUETE_ENOS_ZONA5_2026_2027/Guayas/Lomas de Sargentillo/01_PLAN_COMPARTIDO_O_REFERENCIAS/GESTION DE RIESGO20260622_13340049.pdf,sin_texto_posible_escaneo,41,41,0,Plan localizado,,Extracción inicial desde PDF/DOCX; requiere revisión técnica,,,,,,,PENDIENTE,Pendiente de lectura técnica: el documento requiere extracción o validación manual.,
Guayas,Nobol,0925,Guayas,Nobol,7,3,0,0,4,PAQUETE_ENOS_ZONA5_2026_2027/Guayas/Nobol/01_PLAN_COMPARTIDO_O_REFERENCIAS/PLAN DE ACCION ENOS 2026 - 2027-signed-signed-signed-signed.pdf,texto_extraible,59,50,90821,Plan localizado,,Extracción inicial desde PDF/DOCX; requiere revisión técnica,,Desbordamiento fluvial; Afectación vial; Inundación; Movimiento en masa / deslizamiento; Erosión hídrica / socavación,Coordinación COE/MTT; Monitoreo y evidencias; Drenaje / alcantarillado insuficiente; Rutas y puntos seguros por validar; Alojamientos temporales por validar,"Activación COE/UGR; Evacuación, rutas y puntos seguros; Limpieza y mantenimiento preventivo; Alojamientos temporales; Recursos y logística",Fortalecimiento UGR/COE; Simulacros / ejercicios; Protocolos / procedimientos; Actualización del plan; Capacitación,Alertas / vigilancia; Reportes; Evidencias; Seguimiento mensual; Indicadores,PENDIENTE,"Extracción automática detectó Desbordamiento fluvial, Afectación vial, Inundación; brechas: Coordinación COE/MTT, Monitoreo y evidencias, Drenaje / alcantarillado insuficiente.",
Guayas,Gnral. Antonio Elizalde,0927,Guayas,General Antonio Elizalde (Bucay),5,1,0,0,4,PAQUETE_ENOS_ZONA5_2026_2027/Guayas/General Antonio Elizalde (Bucay)/01_PLAN_COMPARTIDO_O_REFERENCIAS/informe_tecnico_bucay_enos_apa7_final-signed-1.pdf,texto_extraible,24,24,45001,Plan localizado,,Extracción inicial desde PDF/DOCX; requiere revisión técnica,,Movimiento en masa / deslizamiento; Desbordamiento fluvial; Afectación vial; Erosión hídrica / socavación; Inundación,Monitoreo y evidencias; Drenaje / alcantarillado insuficiente; Rutas y puntos seguros por validar; Coordinación COE/MTT; Alojamientos temporales por validar,"Evacuación, rutas y puntos seguros; Limpieza y mantenimiento preventivo; Activación COE/UGR; Alojamientos temporales; Recursos y logística",Fortalecimiento UGR/COE; Protocolos / procedimientos; Actualización del plan; Capacitación; Simulacros / ejercicios,Reportes; Evidencias; Alertas / vigilancia,PENDIENTE,"Extracción automática detectó Movimiento en masa / deslizamiento, Desbordamiento fluvial, Afectación vial; brechas: Monitoreo y evidencias, Drenaje / alcantarillado insuficiente, Rutas y puntos seguros por validar.",
Guayas,Isidro Ayora,0928,Guayas,Isidro Ayora,10,6,0,0,4,PAQUETE_ENOS_ZONA5_2026_2027/Guayas/Isidro Ayora/01_PLAN_COMPARTIDO_O_REFERENCIAS/PLAN DE CONTINGENCIA20260623.pdf,texto_extraible,55,50,76651,Plan localizado,,Extracción inicial desde PDF/DOCX; requiere revisión técnica,,Desbordamiento fluvial; Afectación vial; Inundación; Movimiento en masa / deslizamiento,Coordinación COE/MTT; Drenaje / alcantarillado insuficiente; Alojamientos temporales por validar; Maquinaria / recursos operativos; Monitoreo y evidencias,"Limpieza y mantenimiento preventivo; Activación COE/UGR; Alojamientos temporales; Recursos y logística; Evacuación, rutas y puntos seguros",Fortalecimiento UGR/COE; Simulacros / ejercicios; Protocolos / procedimientos,Reportes; Indicadores; Alertas / vigilancia,PENDIENTE,"Extracción automática detectó Desbordamiento fluvial, Afectación vial, Inundación; brechas: Coordinación COE/MTT, Drenaje / alcantarillado insuficiente, Alojamientos temporales por validar.",
Los Ríos,Babahoyo,1201,Los Ríos,Babahoyo,5,2,0,0,3,PAQUETE_ENOS_ZONA5_2026_2027/Los Ríos/Babahoyo/01_PLAN_COMPARTIDO_O_REFERENCIAS/Plan de accion cantonal FENOMENO_DEL_NIÑO 2026 (1).pdf,texto_extraible,34,34,47873,Plan localizado,,Extracción inicial desde PDF/DOCX; requiere revisión técnica,,Desbordamiento fluvial; Afectación vial; Inundación; Erosión hídrica / socavación; Movimiento en masa / deslizamiento,Monitoreo y evidencias; Coordinación COE/MTT; Drenaje / alcantarillado insuficiente; Rutas y puntos seguros por validar; Alojamientos temporales por validar,"Activación COE/UGR; Evacuación, rutas y puntos seguros; Limpieza y mantenimiento preventivo; Alojamientos temporales; Recursos y logística",Fortalecimiento UGR/COE; Actualización del plan; Capacitación; Simulacros / ejercicios; Protocolos / procedimientos,Alertas / vigilancia; Reportes; Seguimiento mensual; Evidencias; Indicadores,PENDIENTE,"Extracción automática detectó Desbordamiento fluvial, Afectación vial, Inundación; brechas: Monitoreo y evidencias, Coordinación COE/MTT, Drenaje / alcantarillado insuficiente.",
Los Ríos,Baba,1202,Los Ríos,Baba,5,1,0,0,4,PAQUETE_ENOS_ZONA5_2026_2027/Los Ríos/Baba/01_PLAN_COMPARTIDO_O_REFERENCIAS/Plan de acción territorial ante el evento del niño 2026-signed.pdf,texto_extraible,36,36,46515,Plan localizado,,Extracción inicial desde PDF/DOCX; requiere revisión técnica,,Desbordamiento fluvial; Afectación vial; Inundación; Erosión hídrica / socavación; Déficit hídrico / sequía,Coordinación COE/MTT; Drenaje / alcantarillado insuficiente; Monitoreo y evidencias; Alojamientos temporales por validar; Rutas y puntos seguros por validar,"Activación COE/UGR; Limpieza y mantenimiento preventivo; Evacuación, rutas y puntos seguros; Recursos y logística; Alojamientos temporales",Fortalecimiento UGR/COE; Actualización del plan; Capacitación; Simulacros / ejercicios,Reportes; Alertas / vigilancia; Evidencias; Seguimiento mensual; Indicadores,PENDIENTE,"Extracción automática detectó Desbordamiento fluvial, Afectación vial, Inundación; brechas: Coordinación COE/MTT, Drenaje / alcantarillado insuficiente, Monitoreo y evidencias.",
Los Ríos,Montalvo,1203,Los Ríos,Montalvo,10,6,0,2,2,PAQUETE_ENOS_ZONA5_2026_2027/Los Ríos/Montalvo/01_PLAN_COMPARTIDO_O_REFERENCIAS/plan enos 2026 FIRMADO-signed-signed.pdf,texto_extraible,38,38,61684,Plan localizado,83,Alta concordancia; requiere control de anexos y seguimiento,PAQUETE_ENOS_ZONA5_2026_2027/Los Ríos/Montalvo/02_INFORME_VALORACION/INFORME_VALORACION_MONTALVO.md,Desbordamiento fluvial; Afectación vial; Erosión hídrica / socavación; Inundación; Movimiento en masa / deslizamiento,Coordinación COE/MTT; Maquinaria / recursos operativos; Monitoreo y evidencias; Drenaje / alcantarillado insuficiente; Alojamientos temporales por validar,"Limpieza y mantenimiento preventivo; Activación COE/UGR; Recursos y logística; Alojamientos temporales; Evacuación, rutas y puntos seguros",Fortalecimiento UGR/COE; Actualización del plan; Capacitación; Protocolos / procedimientos,Evidencias; Reportes; Alertas / vigilancia; Seguimiento mensual; Indicadores,VERDE,"El plan identifica inundaciones, desbordamientos, erosión de riberas, afectaciones a infraestructura vial, déficit hídrico y mecanismos de monitoreo.","El porcentaje asignado corresponde a una valoración técnica preliminar, no a aprobación formal. Evalúa la presencia y coherencia de estructura, identificación de amenazas, acciones, responsables, recursos, COE, comunicación, verificables y seguimiento mensual."
Los Ríos,Puebloviejo,1204,Los Ríos,Puebloviejo,7,4,0,1,2,PAQUETE_ENOS_ZONA5_2026_2027/Los Ríos/Puebloviejo/01_PLAN_COMPARTIDO_O_REFERENCIAS/Plan de Acción Cantonal Ante El Niño 2026–2027 FINAL-1.pdf,texto_extraible,39,39,20443,Plan localizado,78,Concordancia media-alta; requiere validación de anexos y verificables,PAQUETE_ENOS_ZONA5_2026_2027/Los Ríos/Puebloviejo/02_INFORME_VALORACION/INFORME_VALORACION_PUEBLOVIEJO.md,Desbordamiento fluvial; Inundación; Afectación vial; Erosión hídrica / socavación,Coordinación COE/MTT; Monitoreo y evidencias; Maquinaria / recursos operativos; Drenaje / alcantarillado insuficiente; Alojamientos temporales por validar,"Activación COE/UGR; Recursos y logística; Limpieza y mantenimiento preventivo; Alojamientos temporales; Evacuación, rutas y puntos seguros",Fortalecimiento UGR/COE; Actualización del plan; Capacitación; Simulacros / ejercicios,Reportes; Seguimiento mensual; Alertas / vigilancia; Evidencias; Indicadores,VERDE,"El plan incorpora datos generales, introducción, objetivos, caracterización territorial, amenazas prioritarias y activación del COE Cantonal.","El porcentaje asignado corresponde a una valoración técnica preliminar, no a aprobación formal. Evalúa la presencia y coherencia de estructura, identificación de amenazas, acciones, responsables, recursos, COE, comunicación, verificables y seguimiento mensual."
Los Ríos,Quevedo,1205,Los Ríos,Quevedo,5,1,0,0,4,PAQUETE_ENOS_ZONA5_2026_2027/Los Ríos/Quevedo/01_PLAN_COMPARTIDO_O_REFERENCIAS/ENOS 2027 QUEVEDO FINAL.pdf,texto_extraible,46,46,58026,Plan localizado,,Extracción inicial desde PDF/DOCX; requiere revisión técnica,,Desbordamiento fluvial; Afectación vial; Inundación; Movimiento en masa / deslizamiento; Erosión hídrica / socavación,Coordinación COE/MTT; Maquinaria / recursos operativos; Monitoreo y evidencias; Drenaje / alcantarillado insuficiente; Alojamientos temporales por validar,"Recursos y logística; Activación COE/UGR; Evacuación, rutas y puntos seguros; Alojamientos temporales; Limpieza y mantenimiento preventivo",Fortalecimiento UGR/COE; Actualización del plan; Simulacros / ejercicios; Protocolos / procedimientos; Capacitación,Reportes; Alertas / vigilancia; Indicadores; Seguimiento mensual,PENDIENTE,"Extracción automática detectó Desbordamiento fluvial, Afectación vial, Inundación; brechas: Coordinación COE/MTT, Maquinaria / recursos operativos, Monitoreo y evidencias.",
Los Ríos,Urdaneta,1206,Los Ríos,Urdaneta,6,2,0,2,2,PAQUETE_ENOS_ZONA5_2026_2027/Los Ríos/Urdaneta/01_PLAN_COMPARTIDO_O_REFERENCIAS/PLAN DE ACCIÓN TERRITORIAL ANTE EL EVENTO EL NIÑO 2026.-signed-signed-signed.pdf,texto_extraible,25,25,37563,Registros F01/F04 localizados; sin plan final localizado,60,Base parcial para plan,PAQUETE_ENOS_ZONA5_2026_2027/Los Ríos/Urdaneta/02_INFORME_VALORACION/INFORME_VALORACION_URDANETA.md,Desbordamiento fluvial; Afectación vial; Inundación; Erosión hídrica / socavación; Movimiento en masa / deslizamiento,Coordinación COE/MTT; Monitoreo y evidencias; Maquinaria / recursos operativos; Rutas y puntos seguros por validar; Drenaje / alcantarillado insuficiente,"Activación COE/UGR; Recursos y logística; Evacuación, rutas y puntos seguros; Alojamientos temporales; Limpieza y mantenimiento preventivo",Fortalecimiento UGR/COE; Actualización del plan; Protocolos / procedimientos,Reportes; Alertas / vigilancia; Seguimiento mensual; Evidencias; Indicadores,AMARILLO,Se registran puntos críticos con necesidad de mitigación e intervención de Prefectura.,"El porcentaje asignado corresponde a una valoración técnica preliminar, no a aprobación formal. Evalúa la presencia y coherencia de estructura, identificación de amenazas, acciones, responsables, recursos, COE, comunicación, verificables y seguimiento mensual."
Los Ríos,Ventanas,1207,Los Ríos,Ventanas,5,1,0,0,4,PAQUETE_ENOS_ZONA5_2026_2027/Los Ríos/Ventanas/01_PLAN_COMPARTIDO_O_REFERENCIAS/Plan_ENOS_Cantón_Ventanas-signed-signed.pdf,texto_extraible,3,3,3857,Plan localizado,,Extracción inicial desde PDF/DOCX; requiere revisión técnica,,Desbordamiento fluvial; Inundación; Afectación vial,Monitoreo y evidencias; Maquinaria / recursos operativos; Coordinación COE/MTT; Drenaje / alcantarillado insuficiente; Alojamientos temporales por validar,Activación COE/UGR; Recursos y logística; Limpieza y mantenimiento preventivo; Alojamientos temporales,Fortalecimiento UGR/COE; Actualización del plan,Alertas / vigilancia; Evidencias,PENDIENTE,"Extracción automática detectó Desbordamiento fluvial, Inundación, Afectación vial; brechas: Monitoreo y evidencias, Maquinaria / recursos operativos, Coordinación COE/MTT.",
Los Ríos,Vinces,1208,Los Ríos,Vinces,6,2,0,0,4,PAQUETE_ENOS_ZONA5_2026_2027/Los Ríos/Vinces/01_PLAN_COMPARTIDO_O_REFERENCIAS/Plan de Acción ante el evento El Niño 2026 - 2027.pdf,texto_extraible,30,30,32379,Plan localizado,,Extracción inicial desde PDF/DOCX; requiere revisión técnica,,Desbordamiento fluvial; Afectación vial; Inundación,Coordinación COE/MTT; Monitoreo y evidencias; Maquinaria / recursos operativos; Alojamientos temporales por validar; Drenaje / alcantarillado insuficiente,"Activación COE/UGR; Alojamientos temporales; Recursos y logística; Evacuación, rutas y puntos seguros; Limpieza y mantenimiento preventivo",Fortalecimiento UGR/COE; Protocolos / procedimientos,Reportes; Alertas / vigilancia; Evidencias; Seguimiento mensual,PENDIENTE,"Extracción automática detectó Desbordamiento fluvial, Afectación vial, Inundación; brechas: Coordinación COE/MTT, Monitoreo y evidencias, Maquinaria / recursos operativos.",
Los Ríos,Palenque,1209,Los Ríos,Palenque,7,3,0,2,2,PAQUETE_ENOS_ZONA5_2026_2027/Los Ríos/Palenque/01_PLAN_COMPARTIDO_O_REFERENCIAS/PLAN_DE_ACCION_TERRITORIAL_DEL_GADM_PALENQUE_EL_NINO_20262027_signed-signed-signed-1.pdf,texto_extraible,43,43,33735,Plan localizado,76,Borrador con estructura útil; requiere validación final,PAQUETE_ENOS_ZONA5_2026_2027/Los Ríos/Palenque/02_INFORME_VALORACION/INFORME_VALORACION_PALENQUE.md,Desbordamiento fluvial; Inundación; Afectación vial,Coordinación COE/MTT; Monitoreo y evidencias; Maquinaria / recursos operativos; Alojamientos temporales por validar; Drenaje / alcantarillado insuficiente,"Activación COE/UGR; Recursos y logística; Alojamientos temporales; Limpieza y mantenimiento preventivo; Evacuación, rutas y puntos seguros",Fortalecimiento UGR/COE; Capacitación; Simulacros / ejercicios; Protocolos / procedimientos; Actualización del plan,Reportes; Evidencias; Alertas / vigilancia; Seguimiento mensual; Indicadores,VERDE,"El plan registra datos generales, responsables, firmas, anexos de cartografía de amenazas, sectores priorizados, red vial expuesta, río Palenque e infraestructura crítica.","El porcentaje asignado corresponde a una valoración técnica preliminar, no a aprobación formal. Evalúa la presencia y coherencia de estructura, identificación de amenazas, acciones, responsables, recursos, COE, comunicación, verificables y seguimiento mensual."
Los Ríos,Buena Fe,1210,Los Ríos,Buena Fe,5,1,1,1,2,PAQUETE_ENOS_ZONA5_2026_2027/Los Ríos/Buena Fe/01_PLAN_COMPARTIDO_O_REFERENCIAS/Plan Acciones FENOMENO DEL NIÑO 2026-2027 Cantón Buena Fe-signed-signed-signed-signed-signed.pdf,texto_extraible,97,50,83798,Plan y revisión localizados,62,Parcial; no apto para remisión formal sin completar faltantes,PAQUETE_ENOS_ZONA5_2026_2027/Los Ríos/Buena Fe/02_INFORME_VALORACION/INFORME_VALORACION_BUENA FE.md,Desbordamiento fluvial; Afectación vial; Inundación; Movimiento en masa / deslizamiento; Erosión hídrica / socavación,Coordinación COE/MTT; Monitoreo y evidencias; Maquinaria / recursos operativos; Drenaje / alcantarillado insuficiente; Alojamientos temporales por validar,"Activación COE/UGR; Recursos y logística; Alojamientos temporales; Limpieza y mantenimiento preventivo; Evacuación, rutas y puntos seguros",Fortalecimiento UGR/COE; Protocolos / procedimientos; Capacitación; Simulacros / ejercicios; Actualización del plan,Alertas / vigilancia; Reportes; Seguimiento mensual; Evidencias; Indicadores,AMARILLO,"El propio documento clasifica la información como insuficiente para versión definitiva por ausencia de amenaza observada en F01, coordenadas, exposición, priorización, F07 y respaldos firmados.","El porcentaje asignado corresponde a una valoración técnica preliminar, no a aprobación formal. Evalúa la presencia y coherencia de estructura, identificación de amenazas, acciones, responsables, recursos, COE, comunicación, verificables y seguimiento mensual."
Los Ríos,Valencia,1211,Los Ríos,Valencia,4,2,0,0,2,PAQUETE_ENOS_ZONA5_2026_2027/Los Ríos/Valencia/01_PLAN_COMPARTIDO_O_REFERENCIAS/INFORME TÉCNICO APROBADO (1)-signed-signed.pdf,texto_extraible,45,45,33413,Plan localizado,,Extracción inicial desde PDF/DOCX; requiere revisión técnica,,Desbordamiento fluvial; Afectación vial; Inundación; Erosión hídrica / socavación; Movimiento en masa / deslizamiento,Drenaje / alcantarillado insuficiente; Monitoreo y evidencias; Maquinaria / recursos operativos; Coordinación COE/MTT; Alojamientos temporales por validar,"Limpieza y mantenimiento preventivo; Activación COE/UGR; Recursos y logística; Alojamientos temporales; Evacuación, rutas y puntos seguros",Fortalecimiento UGR/COE; Capacitación; Actualización del plan; Simulacros / ejercicios,Alertas / vigilancia; Reportes; Evidencias; Indicadores,PENDIENTE,"Extracción automática detectó Desbordamiento fluvial, Afectación vial, Inundación; brechas: Drenaje / alcantarillado insuficiente, Monitoreo y evidencias, Maquinaria / recursos operativos.",
Los Ríos,Mocache,1212,Los Ríos,Mocache,4,1,0,0,3,PAQUETE_ENOS_ZONA5_2026_2027/Los Ríos/Mocache/01_PLAN_COMPARTIDO_O_REFERENCIAS/PLAN DE ACCION Y CONTINGENCIA ENOS - MOCACHE-2026-signed-signed (1).pdf,texto_extraible,54,50,78221,Plan localizado,,Extracción inicial desde PDF/DOCX; requiere revisión técnica,,Desbordamiento fluvial; Inundación; Afectación vial; Movimiento en masa / deslizamiento; Erosión hídrica / socavación,Coordinación COE/MTT; Drenaje / alcantarillado insuficiente; Maquinaria / recursos operativos; Alojamientos temporales por validar; Rutas y puntos seguros por validar,"Activación COE/UGR; Recursos y logística; Alojamientos temporales; Limpieza y mantenimiento preventivo; Evacuación, rutas y puntos seguros",Protocolos / procedimientos; Fortalecimiento UGR/COE; Simulacros / ejercicios; Capacitación; Actualización del plan,Reportes; Alertas / vigilancia; Indicadores,PENDIENTE,"Extracción automática detectó Desbordamiento fluvial, Inundación, Afectación vial; brechas: Coordinación COE/MTT, Drenaje / alcantarillado insuficiente, Maquinaria / recursos operativos.",
Los Ríos,Quinsaloma,1213,Los Ríos,Quinsaloma,8,1,4,0,3,PAQUETE_ENOS_ZONA5_2026_2027/Los Ríos/Quinsaloma/01_PLAN_COMPARTIDO_O_REFERENCIAS/Plan de Acción_FENÓMENO_EL NIÑO_Quinsaloma Definivo-signed-1-signed.pdf,texto_extraible,29,29,35004,Plan localizado,,Extracción inicial desde PDF/DOCX; requiere revisión técnica,,Desbordamiento fluvial; Afectación vial; Inundación; Erosión hídrica / socavación; Movimiento en masa / deslizamiento,Drenaje / alcantarillado insuficiente; Coordinación COE/MTT; Alojamientos temporales por validar; Rutas y puntos seguros por validar; Monitoreo y evidencias,"Activación COE/UGR; Evacuación, rutas y puntos seguros; Recursos y logística; Alojamientos temporales; Limpieza y mantenimiento preventivo",Protocolos / procedimientos; Fortalecimiento UGR/COE; Capacitación; Simulacros / ejercicios,Alertas / vigilancia; Reportes; Evidencias,PENDIENTE,"Extracción automática detectó Desbordamiento fluvial, Afectación vial, Inundación; brechas: Drenaje / alcantarillado insuficiente, Coordinación COE/MTT, Alojamientos temporales por validar.",
Santa Elena,Santa Elena,2401,Santa Elena,Santa Elena,5,2,0,1,2,PAQUETE_ENOS_ZONA5_2026_2027/Santa Elena/Santa Elena/01_PLAN_COMPARTIDO_O_REFERENCIAS/Plan de acción Enos2026_SE.v1-signed-signed-signed-1.pdf,texto_extraible,66,50,63969,Registro F01 localizado; sin plan final localizado,45,Información inicial insuficiente,PAQUETE_ENOS_ZONA5_2026_2027/Santa Elena/Santa Elena/02_INFORME_VALORACION/INFORME_VALORACION_SANTA ELENA.md,Desbordamiento fluvial; Afectación vial; Inundación; Movimiento en masa / deslizamiento; Erosión hídrica / socavación,Coordinación COE/MTT; Monitoreo y evidencias; Drenaje / alcantarillado insuficiente; Maquinaria / recursos operativos; Rutas y puntos seguros por validar,"Activación COE/UGR; Recursos y logística; Limpieza y mantenimiento preventivo; Evacuación, rutas y puntos seguros; Alojamientos temporales",Fortalecimiento UGR/COE; Actualización del plan; Capacitación; Simulacros / ejercicios; Protocolos / procedimientos,Reportes; Alertas / vigilancia; Seguimiento mensual; Evidencias; Indicadores,ROJO,"Se localiza caso de la institución, pero no documento de plan ni formularios complementarios.","El porcentaje asignado corresponde a una valoración técnica preliminar, no a aprobación formal. Evalúa la presencia y coherencia de estructura, identificación de amenazas, acciones, responsables, recursos, COE, comunicación, verificables y seguimiento mensual."
Santa Elena,La Libertad,2402,Santa Elena,La Libertad,6,2,0,0,4,PAQUETE_ENOS_ZONA5_2026_2027/Santa Elena/La Libertad/01_PLAN_COMPARTIDO_O_REFERENCIAS/Estructura_del_plan_de_accion_cantonal_LA LIBERTAD_fenomeno_del_niÑo-1.pdf,texto_extraible,31,31,49612,Plan localizado,,Extracción inicial desde PDF/DOCX; requiere revisión técnica,,Desbordamiento fluvial; Inundación; Afectación vial; Erosión hídrica / socavación; Marejada / zona costera,Monitoreo y evidencias; Coordinación COE/MTT; Maquinaria / recursos operativos; Drenaje / alcantarillado insuficiente; Rutas y puntos seguros por validar,"Recursos y logística; Activación COE/UGR; Evacuación, rutas y puntos seguros; Limpieza y mantenimiento preventivo; Alojamientos temporales",Fortalecimiento UGR/COE; Protocolos / procedimientos; Actualización del plan; Capacitación; Simulacros / ejercicios,Alertas / vigilancia; Reportes; Seguimiento mensual; Indicadores; Evidencias,PENDIENTE,"Extracción automática detectó Desbordamiento fluvial, Inundación, Afectación vial; brechas: Monitoreo y evidencias, Coordinación COE/MTT, Maquinaria / recursos operativos.",
Santa Elena,Salinas,2403,Santa Elena,Salinas,6,1,1,2,2,PAQUETE_ENOS_ZONA5_2026_2027/Santa Elena/Salinas/01_PLAN_COMPARTIDO_O_REFERENCIAS/Plan de Acción Territorial El Niño 2026-2027.docx,texto_extraible_docx,,0,7672,Registros F01-F02-F05 localizados; sin plan final localizado,63,"Base parcial; requiere acciones, recursos y seguimiento",PAQUETE_ENOS_ZONA5_2026_2027/Santa Elena/Salinas/02_INFORME_VALORACION/INFORME_VALORACION_SALINAS.md,Desbordamiento fluvial; Inundación; Afectación vial; Marejada / zona costera; Erosión hídrica / socavación,Coordinación COE/MTT; Monitoreo y evidencias; Maquinaria / recursos operativos; Alojamientos temporales por validar; Drenaje / alcantarillado insuficiente,"Activación COE/UGR; Recursos y logística; Alojamientos temporales; Limpieza y mantenimiento preventivo; Evacuación, rutas y puntos seguros",Fortalecimiento UGR/COE; Actualización del plan; Capacitación; Simulacros / ejercicios,Seguimiento mensual; Reportes; Evidencias; Alertas / vigilancia; Indicadores,AMARILLO,"Existe base de puntos, infraestructura y preparación, pero faltan acciones F04, capacidades F06, seguimiento F07 y plan final.","El porcentaje asignado corresponde a una valoración técnica preliminar, no a aprobación formal. Evalúa la presencia y coherencia de estructura, identificación de amenazas, acciones, responsables, recursos, COE, comunicación, verificables y seguimiento mensual."
