provincia,canton,codigo_dpa,acciones_minimas_sensibilizacion,tematicas_campania,publico_objetivo,sector_comunidad_recinto,lat,lon,comite_comunitario_conformado,representante_comite,telefono_representante,canales_difusion,estado_ejecucion,enlace_plan_publico,observacion
Bolívar,Guaranda,0201,Pendiente,,,,,,Pendiente,,,,Pendiente,,Registro pendiente de Kobo
Bolívar,Chillanes,0202,Pendiente,,,,,,Pendiente,,,,Pendiente,,Registro pendiente de Kobo
Bolívar,Chimbo,0203,Pendiente,,,,,,Pendiente,,,,Pendiente,,Registro pendiente de Kobo
Bolívar,Echeandía,0204,Pendiente,,,,,,Pendiente,,,,Pendiente,,Registro pendiente de Kobo
Bolívar,San Miguel,0205,Pendiente,,,,,,Pendiente,,,,Pendiente,,Registro pendiente de Kobo
Bolívar,Caluma,0206,Pendiente,,,,,,Pendiente,,,,Pendiente,,Registro pendiente de Kobo
Bolívar,Las Naves,0207,Pendiente,,,,,,Pendiente,,,,Pendiente,,Registro pendiente de Kobo
Galápagos,San Cristobal,2001,Pendiente,,,,,,Pendiente,,,,Pendiente,,Registro pendiente de Kobo
Galápagos,Isabela,2002,Pendiente,,,,,,Pendiente,,,,Pendiente,,Registro pendiente de Kobo
Galápagos,Santa Cruz,2003,Pendiente,,,,,,Pendiente,,,,Pendiente,,Registro pendiente de Kobo
Guayas,Guayaquil,0901,Pendiente,,,,,,Pendiente,,,,Pendiente,,Registro pendiente de Kobo
Guayas,Alfredo Baquerizo Moreno,0902,Pendiente,,,,,,Pendiente,,,,Pendiente,,Registro pendiente de Kobo
Guayas,Balao,0903,Pendiente,,,,,,Pendiente,,,,Pendiente,,Registro pendiente de Kobo
Guayas,Balzar,0904,Pendiente,,,,,,Pendiente,,,,Pendiente,,Registro pendiente de Kobo
Guayas,Colimes,0905,Pendiente,,,,,,Pendiente,,,,Pendiente,,Registro pendiente de Kobo
Guayas,Daule,0906,Pendiente,,,,,,Pendiente,,,,Pendiente,,Registro pendiente de Kobo
Guayas,Duran,0907,Pendiente,,,,,,Pendiente,,,,Pendiente,,Registro pendiente de Kobo
Guayas,Empalme,0908,Pendiente,,,,,,Pendiente,,,,Pendiente,,Registro pendiente de Kobo
Guayas,El Triunfo,0909,Pendiente,,,,,,Pendiente,,,,Pendiente,,Registro pendiente de Kobo
Guayas,Milagro,0910,Pendiente,,,,,,Pendiente,,,,Pendiente,,Registro pendiente de Kobo
Guayas,Naranjal,0911,Pendiente,,,,,,Pendiente,,,,Pendiente,,Registro pendiente de Kobo
Guayas,Naranjito,0912,Pendiente,,,,,,Pendiente,,,,Pendiente,,Registro pendiente de Kobo
Guayas,Palestina,0913,Pendiente,,,,,,Pendiente,,,,Pendiente,,Registro pendiente de Kobo
Guayas,Pedro Carbo,0914,Pendiente,,,,,,Pendiente,,,,Pendiente,,Registro pendiente de Kobo
Guayas,Samborondon,0916,Pendiente,,,,,,Pendiente,,,,Pendiente,,Registro pendiente de Kobo
Guayas,Santa Lucia,0918,Pendiente,,,,,,Pendiente,,,,Pendiente,,Registro pendiente de Kobo
Guayas,Salitre,0919,Pendiente,,,,,,Pendiente,,,,Pendiente,,Registro pendiente de Kobo
Guayas,San Jacinto De Yaguachi,0920,Pendiente,,,,,,Pendiente,,,,Pendiente,,Registro pendiente de Kobo
Guayas,Playas,0921,Pendiente,,,,,,Pendiente,,,,Pendiente,,Registro pendiente de Kobo
Guayas,Simón Bolívar,0922,Pendiente,,,,,,Pendiente,,,,Pendiente,,Registro pendiente de Kobo
Guayas,Crnel. Marcelino Maridueña,0923,Pendiente,,,,,,Pendiente,,,,Pendiente,,Registro pendiente de Kobo
Guayas,Lomas De Sargentillo,0924,Pendiente,,,,,,Pendiente,,,,Pendiente,,Registro pendiente de Kobo
Guayas,Nobol,0925,Pendiente,,,,,,Pendiente,,,,Pendiente,,Registro pendiente de Kobo
Guayas,Gnral. Antonio Elizalde,0927,Pendiente,,,,,,Pendiente,,,,Pendiente,,Registro pendiente de Kobo
Guayas,Isidro Ayora,0928,Pendiente,,,,,,Pendiente,,,,Pendiente,,Registro pendiente de Kobo
Los Ríos,Babahoyo,1201,Pendiente,,,,,,Pendiente,,,,Pendiente,,Registro pendiente de Kobo
Los Ríos,Baba,1202,Pendiente,,,,,,Pendiente,,,,Pendiente,,Registro pendiente de Kobo
Los Ríos,Montalvo,1203,Pendiente,,,,,,Pendiente,,,,Pendiente,,Registro pendiente de Kobo
Los Ríos,Puebloviejo,1204,Pendiente,,,,,,Pendiente,,,,Pendiente,,Registro pendiente de Kobo
Los Ríos,Quevedo,1205,Pendiente,,,,,,Pendiente,,,,Pendiente,,Registro pendiente de Kobo
Los Ríos,Urdaneta,1206,Pendiente,,,,,,Pendiente,,,,Pendiente,,Registro pendiente de Kobo
Los Ríos,Ventanas,1207,Pendiente,,,,,,Pendiente,,,,Pendiente,,Registro pendiente de Kobo
Los Ríos,Vinces,1208,Pendiente,,,,,,Pendiente,,,,Pendiente,,Registro pendiente de Kobo
Los Ríos,Palenque,1209,Pendiente,,,,,,Pendiente,,,,Pendiente,,Registro pendiente de Kobo
Los Ríos,Buena Fe,1210,Pendiente,,,,,,Pendiente,,,,Pendiente,,Registro pendiente de Kobo
Los Ríos,Valencia,1211,Pendiente,,,,,,Pendiente,,,,Pendiente,,Registro pendiente de Kobo
Los Ríos,Mocache,1212,Pendiente,,,,,,Pendiente,,,,Pendiente,,Registro pendiente de Kobo
Los Ríos,Quinsaloma,1213,Pendiente,,,,,,Pendiente,,,,Pendiente,,Registro pendiente de Kobo
Santa Elena,Santa Elena,2401,Pendiente,,,,,,Pendiente,,,,Pendiente,,Registro pendiente de Kobo
Santa Elena,La Libertad,2402,Pendiente,,,,,,Pendiente,,,,Pendiente,,Registro pendiente de Kobo
Santa Elena,Salinas,2403,Pendiente,,,,,,Pendiente,,,,Pendiente,,Registro pendiente de Kobo
